Workbook

Sheet 측정일지_업로드(25하) 천안
AD1: 1 | AF1: 3 | AG1: 4 | AI1: 7 | AJ1: 8 | AK1: 9 | AL1: 10 | AM1: 11
A2: 코드* | B2: 측정년도* | C2: 측정주기* | D2: 비고 | E2: 지정한계_관할지청* | F2: 공문연번 | G2: 연번 | H2: 5인 이상 연번 | I2: 측정시작일 | J2: 측정종료일 | K2: 완료여부 | L2: 측정자 | M2: 소재지 관할청 | N2: 사업장명* | O2: 총인원 | P2: 사업자번호 | Q2: 산재보험번호 | R2: 대표자명 | S2: 국고지원여부 | T2: 주소 | U2: 전화번호 | V2: 팩스번호 | W2: 담당자명 | X2: 담당자직책 | Y2: 담당자휴대폰 | Z2: 담당자이메일 | AA2: K2B 전송일 | AB2: K2B 전송자 | AC2: 계산서 이메일 | AD2: 전자계산서 발행일 | AE2: 측정비(합계) | AF2: 측정비(사업장) | AG2: 측정비(국고) | AH2: 입금액(합계) | AI2: 입금일(사업장) | AJ2: 입금액(사업장) | AK2: 입금일(국고) | AL2: 입금액(국고) | AM2: 특이사항
A3: H0395 | B3: 2025 | C3: 하반기 | D3: 최초실시, 공정의 수시변경 | E3: 천안 | F3: ="천-"&'25하-천안140'!A3 -> 천-128 | G3: 1 | H3: 1 | I3: 45854 | J3: 45854 | L3: 고유빈 | M3: 천안 | N3: 태인건설산업 주식회사 MG인재개발원 승강기 설치공사 | O3: 10 | P3: 5148186597 | Q3: 51481865976 | R3: 손찬우 | T3: 충청남도 천안시 동남구 목천읍 삼방로 346 (동리, MG인재개발원) | W3: 박윤수 | X3: 소장 | Y3: 010-3528-0816 | Z3: soo19421@hanmail.net | AA3: 7월 28일 | AB3: 고유빈 | AC3: sonsukgun@nate.com | AD3: =VLOOKUP(A3,'계산서(25하-천안)'!$X$3:$AI$104,2,FALSE) -> 45869 | AF3: =VLOOKUP(A3,'계산서(25하-천안)'!$X$3:$AI$104,3,FALSE) -> 800000 | AG3: =VLOOKUP(A3,'계산서(25하-천안)'!$X$3:$AI$104,4,FALSE) -> 0 | AI3: =VLOOKUP(A3,'계산서(25하-천안)'!$X$3:$AI$104,2,FALSE) -> 45869 | AJ3: =VLOOKUP(A3,'계산서(25하-천안)'!$X$3:$AI$104,8,FALSE) -> 800000 | AK3: =VLOOKUP(A3,'계산서(25하-천안)'!$X$3:$AI$104,9,FALSE) -> 국고 X | AL3: =VLOOKUP(A3,'계산서(25하-천안)'!$X$3:$AI$104,10,FALSE) -> 0 | AM3: =VLOOKUP(A3,'계산서(25하-천안)'!$X$3:$AI$104,12,FALSE) -> 0
A4: H0394 | B4: 2025 | C4: 하반기 | D4: 타기관 신규 | E4: 천안 | F4: ="천-"&'25하-천안140'!A4 -> 천-129 | G4: 2 | H4: 2 | I4: 45855 | J4: 45855 | L4: 강종구 | M4: 경기 | N4: 케이케이엘 유한회사 | O4: 30 | P4: 1358638733 | Q4: 13586387330 | R4: 정주익, MICHAEL KEITH HIETBRINK | T4: 경기도 화성시 장안면 장안공단2길 66-9 (수촌리) | U4: 031-8055-2912 | V4: 031-8055-2990 | W4: 김진석 | X4: 매니저 | Y4: 010-8844-2349 | Z4: jinseok.kim1@kkl-kr.com | AA4: 45874 | AB4: 강종구 | AC4: jinseok.kim1@kkl-kr.com | AD4: =VLOOKUP(A4,'계산서(25하-천안)'!$X$3:$AI$104,2,FALSE) -> 45880 | AF4: =VLOOKUP(A4,'계산서(25하-천안)'!$X$3:$AI$104,3,FALSE) -> 1000000 | AG4: =VLOOKUP(A4,'계산서(25하-천안)'!$X$3:$AI$104,4,FALSE) -> 400000 | AI4: =VLOOKUP(A4,'계산서(25하-천안)'!$X$3:$AI$104,2,FALSE) -> 45880 | AJ4: =VLOOKUP(A4,'계산서(25하-천안)'!$X$3:$AI$104,8,FALSE) -> 1000000 | AK4: =VLOOKUP(A4,'계산서(25하-천안)'!$X$3:$AI$104,9,FALSE) -> 45890 | AL4: =VLOOKUP(A4,'계산서(25하-천안)'!$X$3:$AI$104,10,FALSE) -> 400000 | AM4: =VLOOKUP(A4,'계산서(25하-천안)'!$X$3:$AI$104,12,FALSE) -> 0
A5: H0200 | B5: 2025 | C5: 하반기 | E5: 천안 | F5: ="천-"&'25하-천안140'!A5 -> 천-130 | G5: 3 | H5: 3 | I5: 45856 | J5: 45856 | L5: 강종구 | M5: 천안 | N5: 인주농협 미곡처리장 | O5: 7 | P5: 8158200034 | Q5: 81582000340 | R5: 김진권 | T5: 충청남도 아산시 인주면 걸매길 6-17 (걸매리, 인주농협조곡처리장) | U5: 041-533-3289 | V5: 041-533-3290 | W5: 강은주 | X5: 과장대리 | Y5: 010-5429-1637 | Z5: nh483089@nonghyup.com | AA5: 45862 | AB5: 강종구 | AC5: nh483089@nonghyup.com | AD5: =VLOOKUP(A5,'계산서(25하-천안)'!$X$3:$AI$104,2,FALSE) -> 45862 | AF5: =VLOOKUP(A5,'계산서(25하-천안)'!$X$3:$AI$104,3,FALSE) -> 700000 | AG5: =VLOOKUP(A5,'계산서(25하-천안)'!$X$3:$AI$104,4,FALSE) -> 0 | AI5: =VLOOKUP(A5,'계산서(25하-천안)'!$X$3:$AI$104,2,FALSE) -> 45862 | AJ5: =VLOOKUP(A5,'계산서(25하-천안)'!$X$3:$AI$104,8,FALSE) -> 700000 | AK5: =VLOOKUP(A5,'계산서(25하-천안)'!$X$3:$AI$104,9,FALSE) -> 국고 X | AL5: =VLOOKUP(A5,'계산서(25하-천안)'!$X$3:$AI$104,10,FALSE) -> 0 | AM5: =VLOOKUP(A5,'계산서(25하-천안)'!$X$3:$AI$104,12,FALSE) -> 0
A6: H0139 | B6: 2025 | C6: 하반기 | E6: 천안 | F6: ="천-"&'25하-천안140'!A6 -> 천-131 | G6: 4 | H6: 3 | I6: 45867 | J6: 45867 | L6: 고유빈 | M6: 천안 | N6: 현테크 | O6: 2 | P6: 3122393828 | Q6: 91610280151 | R6: 유지만 | T6: 충청남도 천안시 서북구 직산읍 신갈1길 53-15 (신갈리) | U6: 041-583-1871 | V6: 041-583-1872 | W6: 유지만 | X6: 대표 | Y6: 010-6422-6702 | Z6: youjm33@naver.com | AA6: 8월 21일 | AB6: 고유빈 | AC6: youjm33@naver.com | AD6: =VLOOKUP(A6,'계산서(25하-천안)'!$X$3:$AI$104,2,FALSE) -> 국고 전액 | AF6: =VLOOKUP(A6,'계산서(25하-천안)'!$X$3:$AI$104,3,FALSE) -> 0 | AG6: =VLOOKUP(A6,'계산서(25하-천안)'!$X$3:$AI$104,4,FALSE) -> 400000 | AI6: =VLOOKUP(A6,'계산서(25하-천안)'!$X$3:$AI$104,2,FALSE) -> 국고 전액 | AJ6: =VLOOKUP(A6,'계산서(25하-천안)'!$X$3:$AI$104,8,FALSE) -> 0 | AK6: =VLOOKUP(A6,'계산서(25하-천안)'!$X$3:$AI$104,9,FALSE) -> 45912 | AL6: =VLOOKUP(A6,'계산서(25하-천안)'!$X$3:$AI$104,10,FALSE) -> 400000 | AM6: =VLOOKUP(A6,'계산서(25하-천안)'!$X$3:$AI$104,12,FALSE) -> 0
A7: H0350 | B7: 2025 | C7: 하반기 | E7: 천안 | F7: ="천-"&'25하-천안140'!A7 -> 천-132 | G7: 5 | H7: 4 | I7: 45867 | J7: 45867 | L7: 강종구 | M7: 천안 | N7: 정연코퍼레이션 주식회사 | O7: 17 | P7: 3128664352 | Q7: 31286643520 | R7: 장두희 | T7: 충청남도 천안시 서북구 성환읍 왕지1길 156-7 (송덕리) | U7: 041-522-7072 | V7: 041-522-7074 | W7: 신지원 | Y7: 010-6483-0072 | Z7: sdmccv@naver.com | AA7: 45877 | AB7: 강종구 | AC7: wjhnc64352@hometax.go.kr | AD7: =VLOOKUP(A7,'계산서(25하-천안)'!$X$3:$AI$104,2,FALSE) -> 45877 | AF7: =VLOOKUP(A7,'계산서(25하-천안)'!$X$3:$AI$104,3,FALSE) -> 550000 | AG7: =VLOOKUP(A7,'계산서(25하-천안)'!$X$3:$AI$104,4,FALSE) -> 0 | AI7: =VLOOKUP(A7,'계산서(25하-천안)'!$X$3:$AI$104,2,FALSE) -> 45877 | AJ7: =VLOOKUP(A7,'계산서(25하-천안)'!$X$3:$AI$104,8,FALSE) -> 550000 | AK7: =VLOOKUP(A7,'계산서(25하-천안)'!$X$3:$AI$104,9,FALSE) -> 국고 X | AL7: =VLOOKUP(A7,'계산서(25하-천안)'!$X$3:$AI$104,10,FALSE) -> 0 | AM7: =VLOOKUP(A7,'계산서(25하-천안)'!$X$3:$AI$104,12,FALSE) -> 0
A8: H0117 | B8: 2025 | C8: 하반기 | E8: 천안 | F8: ="천-"&'25하-천안140'!A8 -> 천-133 | G8: 6 | H8: 4 | I8: 45868 | J8: 45868 | L8: 고유빈 | M8: 천안 | N8: 어썸치과기공소 | O8: 2 | P8: 5869300879 | Q8: 58693008790 | R8: 김성진 | T8: 충청남도 천안시 서북구 검은들3길 42, 602호 (불당동, C&J타워빌딩) | U8: 041-575-2857 | V8: 041-562-2806 | W8: 김성진 | X8: 소장(대표) | Y8: 010-9030-0252 | Z8: why0205@hanmail.net | AA8: 8월 21일 | AB8: 고유빈 | AC8: why0205@hanmail.net | AD8: =VLOOKUP(A8,'계산서(25하-천안)'!$X$3:$AI$104,2,FALSE) -> 국고 전액 | AF8: =VLOOKUP(A8,'계산서(25하-천안)'!$X$3:$AI$104,3,FALSE) -> 0 | AG8: =VLOOKUP(A8,'계산서(25하-천안)'!$X$3:$AI$104,4,FALSE) -> 400000 | AI8: =VLOOKUP(A8,'계산서(25하-천안)'!$X$3:$AI$104,2,FALSE) -> 국고 전액 | AJ8: =VLOOKUP(A8,'계산서(25하-천안)'!$X$3:$AI$104,8,FALSE) -> 0 | AK8: =VLOOKUP(A8,'계산서(25하-천안)'!$X$3:$AI$104,9,FALSE) -> 45912 | AL8: =VLOOKUP(A8,'계산서(25하-천안)'!$X$3:$AI$104,10,FALSE) -> 400000 | AM8: =VLOOKUP(A8,'계산서(25하-천안)'!$X$3:$AI$104,12,FALSE) -> 0
A9: H0396 | B9: 2025 | C9: 하반기 | D9: 타기관 신규 | E9: 천안 | F9: ="천-"&'25하-천안140'!A9 -> 천-134 | G9: 7 | H9: 5 | I9: 45869 | J9: 45869 | L9: 이주형 | M9: 성남 | N9: 일신산업전기 (주) | O9: 48 | P9: 1268157430 | Q9: 12681574300 | R9: 고수영 | T9: 경기도 광주시 광주대로 200-1(송정동) | U9: 031-797-1631 | V9: 031-797-2178 | W9: 신민재 | X9: 이사 | Y9: 010-2361-2820 | Z9: mjs7795@hanmail.net | AA9: 45889 | AB9: 이주형 | AC9: 99isieco@daum.net | AD9: =VLOOKUP(A9,'계산서(25하-천안)'!$X$3:$AI$104,2,FALSE) -> 45894 | AF9: =VLOOKUP(A9,'계산서(25하-천안)'!$X$3:$AI$104,3,FALSE) -> 400000 | AG9: =VLOOKUP(A9,'계산서(25하-천안)'!$X$3:$AI$104,4,FALSE) -> 400000 | AI9: =VLOOKUP(A9,'계산서(25하-천안)'!$X$3:$AI$104,2,FALSE) -> 45894 | AJ9: =VLOOKUP(A9,'계산서(25하-천안)'!$X$3:$AI$104,8,FALSE) -> 400000 | AK9: =VLOOKUP(A9,'계산서(25하-천안)'!$X$3:$AI$104,9,FALSE) -> 45923 | AL9: =VLOOKUP(A9,'계산서(25하-천안)'!$X$3:$AI$104,10,FALSE) -> 400000 | AM9: =VLOOKUP(A9,'계산서(25하-천안)'!$X$3:$AI$104,12,FALSE) -> 0
A10: H0398 | B10: 2025 | C10: 하반기 | D10: 최초실시, 공정의 수시변경 | E10: 천안 | F10: ="천-"&'25하-천안140'!A10 -> 천-135 | G10: 8 | H10: 6 | I10: 45869 | J10: 45869 | L10: 배윤민 | M10: 천안 | N10: 에이치디씨현대산업개발 주식회사 당진천안선 터널소방시설공사 | O10: 7 | P10: 3348600815 | Q10: 11481588536 | R10: 정경구, 조태제 | T10: 충청남도 아산시 영인면 토정로 148(역리) | U10: 041-543-6998 | V10: 041-543-6997 | W10: 손인기 | X10: 안전관리자 | Y10: 010-2089-5262 | Z10: 2807020@hdc-dvp.com | AA10: 45890 | AB10: 배윤민 | AC10: R1053ctdi@hdc-dvp.com | AD10: =VLOOKUP(A10,'계산서(25하-천안)'!$X$3:$AI$104,2,FALSE) -> 45894 | AF10: =VLOOKUP(A10,'계산서(25하-천안)'!$X$3:$AI$104,3,FALSE) -> 700000 | AG10: =VLOOKUP(A10,'계산서(25하-천안)'!$X$3:$AI$104,4,FALSE) -> 0 | AI10: =VLOOKUP(A10,'계산서(25하-천안)'!$X$3:$AI$104,2,FALSE) -> 45894 | AJ10: =VLOOKUP(A10,'계산서(25하-천안)'!$X$3:$AI$104,8,FALSE) -> 700000 | AK10: =VLOOKUP(A10,'계산서(25하-천안)'!$X$3:$AI$104,9,FALSE) -> 국고 X | AL10: =VLOOKUP(A10,'계산서(25하-천안)'!$X$3:$AI$104,10,FALSE) -> 0 | AM10: =VLOOKUP(A10,'계산서(25하-천안)'!$X$3:$AI$104,12,FALSE) -> 0
A11: H0149 | B11: 2025 | C11: 하반기 | D11: 고시물질, 소음85이상 | E11: 천안 | F11: ="천-"&'25하-천안140'!A11 -> 천-136 | G11: 9 | H11: 7 | I11: 45888 | J11: 45888 | L11: 강종구 | M11: 천안 | N11: 아산피앤피(주) | O11: 29 | P11: 3128137637 | Q11: 31281376370 | R11: 이병길, 이건우 | T11: 충청남도 아산시 선장면 학성로122번길 94 (죽산리) | U11: 041-541-5711 | V11: 041-541-5715 | W11: 이선미 | X11: 과장 | Y11: 010-4045-9979 | Z11: beauty@aspulp.co.kr | AA11: 45912 | AB11: 강종구 | AC11: beauty@aspulp.co.kr | AD11: =VLOOKUP(A11,'계산서(25하-천안)'!$X$3:$AI$104,2,FALSE) -> 45894 | AF11: =VLOOKUP(A11,'계산서(25하-천안)'!$X$3:$AI$104,3,FALSE) -> 500000 | AG11: =VLOOKUP(A11,'계산서(25하-천안)'!$X$3:$AI$104,4,FALSE) -> 400000 | AI11: =VLOOKUP(A11,'계산서(25하-천안)'!$X$3:$AI$104,2,FALSE) -> 45894 | AJ11: =VLOOKUP(A11,'계산서(25하-천안)'!$X$3:$AI$104,8,FALSE) -> 500000 | AK11: =VLOOKUP(A11,'계산서(25하-천안)'!$X$3:$AI$104,9,FALSE) -> 45944 | AL11: =VLOOKUP(A11,'계산서(25하-천안)'!$X$3:$AI$104,10,FALSE) -> 400000 | AM11: =VLOOKUP(A11,'계산서(25하-천안)'!$X$3:$AI$104,12,FALSE) -> 0
A12: H0123 | B12: 2025 | C12: 하반기 | D12: 고시물질 | E12: 천안 | F12: ="천-"&'25하-천안140'!A12 -> 천-137 | G12: 10 | H12: 7 | I12: 45890 | J12: 45890 | L12: 강종구 | M12: 천안 | N12: 한솔지에스 | O12: 4 | P12: 2661900602 | Q12: 26619006020 | R12: 김효식 | T12: 충청남도 천안시 서북구 직산읍 상덕2길 2 (자은가리) | U12: 041-553-1026 | V12: 041-552-1026 | W12: 김효식 | X12: 대표 | Y12: 010-5406-9859 | Z12: cacao003@hansolgs.com | AA12: 45919 | AB12: 강종구 | AC12: cacaco003@hansolgs.com | AD12: =VLOOKUP(A12,'계산서(25하-천안)'!$X$3:$AI$104,2,FALSE) -> 45894 | AF12: =VLOOKUP(A12,'계산서(25하-천안)'!$X$3:$AI$104,3,FALSE) -> 250000 | AG12: =VLOOKUP(A12,'계산서(25하-천안)'!$X$3:$AI$104,4,FALSE) -> 400000 | AI12: =VLOOKUP(A12,'계산서(25하-천안)'!$X$3:$AI$104,2,FALSE) -> 45894 | AJ12: =VLOOKUP(A12,'계산서(25하-천안)'!$X$3:$AI$104,8,FALSE) -> 250000 | AK12: =VLOOKUP(A12,'계산서(25하-천안)'!$X$3:$AI$104,9,FALSE) -> 45944 | AL12: =VLOOKUP(A12,'계산서(25하-천안)'!$X$3:$AI$104,10,FALSE) -> 400000 | AM12: =VLOOKUP(A12,'계산서(25하-천안)'!$X$3:$AI$104,12,FALSE) -> 0
A13: H0239 | B13: 2025 | C13: 하반기 | D13: 공정의 수시변경 | E13: 천안 | F13: ="천-"&'25하-천안140'!A13 -> 천-138 | G13: 11 | H13: 8 | I13: 45891 | J13: 45891 | L13: 강종구 | M13: 천안 | N13: 아산모터스 | O13: 11 | P13: 6912101853 | Q13: 69121018530 | R13: 심한주 | T13: 충청남도 아산시 곡교천로 159 (온천동) | U13: 041-546-0005 | V13: 041-546-0999 | W13: 심한주 | X13: 대표 | Y13: 010-8978-9809 | Z13: asan_motors@naver.com | AA13: 45919 | AB13: 강종구 | AC13: asan_motors@naver.com | AD13: =VLOOKUP(A13,'계산서(25하-천안)'!$X$3:$AI$104,2,FALSE) -> 45894 | AF13: =VLOOKUP(A13,'계산서(25하-천안)'!$X$3:$AI$104,3,FALSE) -> 350000 | AG13: =VLOOKUP(A13,'계산서(25하-천안)'!$X$3:$AI$104,4,FALSE) -> 400000 | AI13: =VLOOKUP(A13,'계산서(25하-천안)'!$X$3:$AI$104,2,FALSE) -> 45894 | AJ13: =VLOOKUP(A13,'계산서(25하-천안)'!$X$3:$AI$104,8,FALSE) -> 350000 | AK13: =VLOOKUP(A13,'계산서(25하-천안)'!$X$3:$AI$104,9,FALSE) -> 45944 | AL13: =VLOOKUP(A13,'계산서(25하-천안)'!$X$3:$AI$104,10,FALSE) -> 400000 | AM13: =VLOOKUP(A13,'계산서(25하-천안)'!$X$3:$AI$104,12,FALSE) -> 0
A14: H0240 | B14: 2025 | C14: 하반기 | D14: 공정의 수시변경 | E14: 천안 | F14: ="천-"&'25하-천안140'!A14 -> 천-139 | G14: 12 | H14: 9 | I14: 45891 | J14: 45891 | L14: 이태환 | M14: 천안 | N14: 아산현대서비스 주식회사 | O14: 27 | P14: 4488600924 | Q14: 44886009240 | R14: 맹의석 | T14: 충청남도 아산시 온천대로 1790-9 (남동) | U14: 041-531-1122 | V14: 041-534-0022 | W14: 황중현 | X14: 실장 | Y14: 010-7396-2674 | Z14: asanhd@nate.com | AA14: 45919 | AB14: 강종구 | AC14: asanhd@nate.com | AD14: =VLOOKUP(A14,'계산서(25하-천안)'!$X$3:$AI$104,2,FALSE) -> 45894 | AF14: =VLOOKUP(A14,'계산서(25하-천안)'!$X$3:$AI$104,3,FALSE) -> 450000 | AG14: =VLOOKUP(A14,'계산서(25하-천안)'!$X$3:$AI$104,4,FALSE) -> 400000 | AI14: =VLOOKUP(A14,'계산서(25하-천안)'!$X$3:$AI$104,2,FALSE) -> 45894 | AJ14: =VLOOKUP(A14,'계산서(25하-천안)'!$X$3:$AI$104,8,FALSE) -> 450000 | AK14: =VLOOKUP(A14,'계산서(25하-천안)'!$X$3:$AI$104,9,FALSE) -> 45944 | AL14: =VLOOKUP(A14,'계산서(25하-천안)'!$X$3:$AI$104,10,FALSE) -> 400000 | AM14: =VLOOKUP(A14,'계산서(25하-천안)'!$X$3:$AI$104,12,FALSE) -> 0
A15: H0270 | B15: 2025 | C15: 하반기 | D15: 공정의 수시변경 | E15: 천안 | F15: ="천-"&'25하-천안140'!A15 -> 천-140 | G15: 13 | H15: 10 | I15: 45891 | J15: 45891 | L15: 고유빈 | M15: 천안 | N15: 케이지모빌리티아산서비스센터 주식회사 | O15: 14 | P15: 1798700118 | Q15: 17987001180 | R15: 최재학 | T15: 충청남도 아산시 신리길 6 (신동) | U15: 041-549-5582 | V15: 041-549-5505 | W15: 정명용 | X15: 과장 | Y15: 010-5433-5278 | Z15: ksh5038@hanmail.net | AA15: 45919 | AB15: 강종구 | AC15: ksh5038@hanmail.net | AD15: =VLOOKUP(A15,'계산서(25하-천안)'!$X$3:$AI$104,2,FALSE) -> 45894 | AF15: =VLOOKUP(A15,'계산서(25하-천안)'!$X$3:$AI$104,3,FALSE) -> 350000 | AG15: =VLOOKUP(A15,'계산서(25하-천안)'!$X$3:$AI$104,4,FALSE) -> 400000 | AI15: =VLOOKUP(A15,'계산서(25하-천안)'!$X$3:$AI$104,2,FALSE) -> 45894 | AJ15: =VLOOKUP(A15,'계산서(25하-천안)'!$X$3:$AI$104,8,FALSE) -> 350000 | AK15: =VLOOKUP(A15,'계산서(25하-천안)'!$X$3:$AI$104,9,FALSE) -> 45944 | AL15: =VLOOKUP(A15,'계산서(25하-천안)'!$X$3:$AI$104,10,FALSE) -> 400000 | AM15: =VLOOKUP(A15,'계산서(25하-천안)'!$X$3:$AI$104,12,FALSE) -> 0
A16: H0401 | B16: 2025 | C16: 하반기 | D16: 고시물질, 소음85이상 | E16: 천안 | F16: ="천-"&'25하-천안140'!A16 -> 천-141 | G16: 14 | H16: 11 | I16: 45895 | J16: 45895 | L16: 이주형 | M16: 안산 | N16: (주) 두산금속 | O16: 23 | P16: 1408113291 | Q16: 14081132910 | R16: 김영이 | T16: 경기도 시흥시 마유로82번길 52 (정왕동) | U16: 031-432-0783 | V16: 031-432-0785 | W16: 김원경 | X16: 과장 | Y16: 010-9642-0201 | Z16: doosansm@hanmail.net | AA16: 45924 | AB16: 이주형 | AC16: doosansm@hanmail.net | AD16: =VLOOKUP(A16,'계산서(25하-천안)'!$X$3:$AI$104,2,FALSE) -> 45929 | AF16: =VLOOKUP(A16,'계산서(25하-천안)'!$X$3:$AI$104,3,FALSE) -> 300000 | AG16: =VLOOKUP(A16,'계산서(25하-천안)'!$X$3:$AI$104,4,FALSE) -> 400000 | AI16: =VLOOKUP(A16,'계산서(25하-천안)'!$X$3:$AI$104,2,FALSE) -> 45929 | AJ16: =VLOOKUP(A16,'계산서(25하-천안)'!$X$3:$AI$104,8,FALSE) -> 300000 | AK16: =VLOOKUP(A16,'계산서(25하-천안)'!$X$3:$AI$104,9,FALSE) -> 45952 | AL16: =VLOOKUP(A16,'계산서(25하-천안)'!$X$3:$AI$104,10,FALSE) -> 400000 | AM16: =VLOOKUP(A16,'계산서(25하-천안)'!$X$3:$AI$104,12,FALSE) -> 0
A17: H0400 | B17: 2025 | C17: 하반기 | D17: 고시물질 | E17: 천안 | F17: ="천-"&'25하-천안140'!A17 -> 천-142 | G17: 15 | H17: 12 | I17: 45895 | J17: 45895 | L17: 한기문 | M17: 안산 | N17: 두산판금 | O17: 16 | P17: 1340746934 | Q17: 13407469340 | R17: 주명구 | T17: 경기도 시흥시 공단3대로 153 (정왕동) | U17: 031-432-0783 | V17: 031-432-0785 | W17: 김원경 | X17: 과장 | Y17: 010-9642-0201 | Z17: doosansm@hanmail.net | AA17: 45924 | AB17: 이주형 | AC17: doosansm@hanmail.net | AD17: =VLOOKUP(A17,'계산서(25하-천안)'!$X$3:$AI$104,2,FALSE) -> 45929 | AF17: =VLOOKUP(A17,'계산서(25하-천안)'!$X$3:$AI$104,3,FALSE) -> 300000 | AG17: =VLOOKUP(A17,'계산서(25하-천안)'!$X$3:$AI$104,4,FALSE) -> 400000 | AI17: =VLOOKUP(A17,'계산서(25하-천안)'!$X$3:$AI$104,2,FALSE) -> 45929 | AJ17: =VLOOKUP(A17,'계산서(25하-천안)'!$X$3:$AI$104,8,FALSE) -> 300000 | AK17: =VLOOKUP(A17,'계산서(25하-천안)'!$X$3:$AI$104,9,FALSE) -> 45952 | AL17: =VLOOKUP(A17,'계산서(25하-천안)'!$X$3:$AI$104,10,FALSE) -> 400000 | AM17: =VLOOKUP(A17,'계산서(25하-천안)'!$X$3:$AI$104,12,FALSE) -> 0
A18: H0143 | B18: 2025 | C18: 하반기 | E18: 천안 | F18: ="천-"&'25하-천안140'!A18 -> 천-143 | G18: 16 | H18: 12 | I18: 45895 | J18: 45895 | L18: 고유빈 | M18: 천안 | N18: (주)쓰리디치과기공소 | O18: 3 | P18: 8348702116 | Q18: 83487021160 | R18: 원태희 | T18: 충청남도 천안시 서북구 불당21로 71, 7층 705호 (불당동) | U18: 041-555-2879 | V18: 041-555-2878 | W18: 김다겸 | X18: 주임 | Y18: 010-5870-2958 | Z18: office@theboston.co.kr | AA18: 9월 24일 | AB18: 배윤민 | AC18: 3ddentallab1@naver.com | AD18: =VLOOKUP(A18,'계산서(25하-천안)'!$X$3:$AI$104,2,FALSE) -> 45926 | AF18: =VLOOKUP(A18,'계산서(25하-천안)'!$X$3:$AI$104,3,FALSE) -> 600000 | AG18: =VLOOKUP(A18,'계산서(25하-천안)'!$X$3:$AI$104,4,FALSE) -> 400000 | AI18: =VLOOKUP(A18,'계산서(25하-천안)'!$X$3:$AI$104,2,FALSE) -> 45926 | AJ18: =VLOOKUP(A18,'계산서(25하-천안)'!$X$3:$AI$104,8,FALSE) -> 600000 | AK18: =VLOOKUP(A18,'계산서(25하-천안)'!$X$3:$AI$104,9,FALSE) -> 45944 | AL18: =VLOOKUP(A18,'계산서(25하-천안)'!$X$3:$AI$104,10,FALSE) -> 400000 | AM18: =VLOOKUP(A18,'계산서(25하-천안)'!$X$3:$AI$104,12,FALSE) -> 0
A19: H0142 | B19: 2025 | C19: 하반기 | D19: 고시물질 | E19: 천안 | F19: ="천-"&'25하-천안140'!A19 -> 천-144 | G19: 17 | H19: 13 | I19: 45895 | J19: 45895 | L19: 배윤민 | M19: 천안 | N19: 더보스톤치과병원 | O19: 57 | P19: 7941400586 | Q19: 79414005860 | R19: 원태희 | T19: 충청남도 천안시 서북구 불당33길 26 (불당동) | U19: 041-555-2879 | V19: 041-558-4001 | W19: 김다겸 | X19: 주임 | Y19: 010-5870-2958 | Z19: office@theboston.co.kr | AA19: 9월 24일 | AB19: 배윤민 | AC19: tax@theboston.co.kr | AD19: =VLOOKUP(A19,'계산서(25하-천안)'!$X$3:$AI$104,2,FALSE) -> 45926 | AF19: =VLOOKUP(A19,'계산서(25하-천안)'!$X$3:$AI$104,3,FALSE) -> 500000 | AG19: =VLOOKUP(A19,'계산서(25하-천안)'!$X$3:$AI$104,4,FALSE) -> 0 | AI19: =VLOOKUP(A19,'계산서(25하-천안)'!$X$3:$AI$104,2,FALSE) -> 45926 | AJ19: =VLOOKUP(A19,'계산서(25하-천안)'!$X$3:$AI$104,8,FALSE) -> 500000 | AK19: =VLOOKUP(A19,'계산서(25하-천안)'!$X$3:$AI$104,9,FALSE) -> 국고 X | AL19: =VLOOKUP(A19,'계산서(25하-천안)'!$X$3:$AI$104,10,FALSE) -> 0 | AM19: =VLOOKUP(A19,'계산서(25하-천안)'!$X$3:$AI$104,12,FALSE) -> 0
A20: H0296 | B20: 2025 | C20: 하반기 | D20: 고시물질 | E20: 천안 | F20: ="천-"&'25하-천안140'!A20 -> 천-145 | G20: 18 | H20: 14 | I20: 45895 | J20: 45895 | L20: 강종구 | M20: 천안 | N20: 주식회사 유기농기계 | O20: 8 | P20: 2918100624 | Q20: 29181006240 | R20: 김상호 | T20: 충청남도 천안시 서북구 직산읍 군수1길 112-16 (군서리) | U20: 041-567-2859 | V20: 041-568-2859 | W20: 김상범 | X20: 부장 | Y20: 010-9911-2859 | Z20: sadang3378@naver.com | AA20: 45919 | AB20: 강종구 | AC20: sadang3378@naver.com | AD20: =VLOOKUP(A20,'계산서(25하-천안)'!$X$3:$AI$104,2,FALSE) -> 45945 | AF20: =VLOOKUP(A20,'계산서(25하-천안)'!$X$3:$AI$104,3,FALSE) -> 650000 | AG20: =VLOOKUP(A20,'계산서(25하-천안)'!$X$3:$AI$104,4,FALSE) -> 400000 | AI20: =VLOOKUP(A20,'계산서(25하-천안)'!$X$3:$AI$104,2,FALSE) -> 45945 | AJ20: =VLOOKUP(A20,'계산서(25하-천안)'!$X$3:$AI$104,8,FALSE) -> 650000 | AK20: =VLOOKUP(A20,'계산서(25하-천안)'!$X$3:$AI$104,9,FALSE) -> 45944 | AL20: =VLOOKUP(A20,'계산서(25하-천안)'!$X$3:$AI$104,10,FALSE) -> 400000 | AM20: =VLOOKUP(A20,'계산서(25하-천안)'!$X$3:$AI$104,12,FALSE) -> 0
A21: H0250 | B21: 2025 | C21: 하반기 | E21: 천안 | F21: ="천-"&'25하-천안140'!A21 -> 천-146 | G21: 19 | H21: 14 | I21: 45909 | J21: 45909 | L21: 이주형 | M21: 천안 | N21: 건승티앤비 | O21: 3 | P21: 3123271675 | Q21: 31232716750 | R21: 김건남 | T21: 충청남도 천안시 동남구 성남면 성남로 230-21 (용원리) | U21: 041-555-7260 | V21: 041-556-7261 | W21: 김건남 | X21: 대표 | Y21: 010-9925-7260 | Z21: sonata8715@hanmail.net | AA21: 45931 | AB21: 이주형 | AC21: sonata8715@hanmail.net | AD21: =VLOOKUP(A21,'계산서(25하-천안)'!$X$3:$AI$104,2,FALSE) -> 국고 전액 | AF21: =VLOOKUP(A21,'계산서(25하-천안)'!$X$3:$AI$104,3,FALSE) -> 0 | AG21: =VLOOKUP(A21,'계산서(25하-천안)'!$X$3:$AI$104,4,FALSE) -> 339430 | AI21: =VLOOKUP(A21,'계산서(25하-천안)'!$X$3:$AI$104,2,FALSE) -> 국고 전액 | AJ21: =VLOOKUP(A21,'계산서(25하-천안)'!$X$3:$AI$104,8,FALSE) -> 0 | AK21: =VLOOKUP(A21,'계산서(25하-천안)'!$X$3:$AI$104,9,FALSE) -> 45973 | AL21: =VLOOKUP(A21,'계산서(25하-천안)'!$X$3:$AI$104,10,FALSE) -> 339430 | AM21: =VLOOKUP(A21,'계산서(25하-천안)'!$X$3:$AI$104,12,FALSE) -> 0
A22: H0207 | B22: 2025 | C22: 하반기 | D22: 고시물질 | E22: 천안 | F22: ="천-"&'25하-천안140'!A22 -> 천-147 | G22: 20 | H22: 15 | I22: 45909 | J22: 45909 | L22: 고유빈 | M22: 천안 | N22: 사단법인 천안제5일반산업단지입주기업체협의회 | O22: 10 | P22: 3128218355 | Q22: 31282183550 | R22: 홍상의 | T22: 충청남도 천안시 동남구 성남면 5산단3로 78 (대화리) | U22: 041-569-0264 | V22: 041-566-3840 | W22: 박갑수 | X22: 사원 | Y22: 010-3460-1265 | Z22: ca5sandan2@nate.com | AA22: 45931 | AB22: 고유빈 | AC22: ca5sandan3@nate.com | AD22: =VLOOKUP(A22,'계산서(25하-천안)'!$X$3:$AI$104,2,FALSE) -> 45974 | AF22: =VLOOKUP(A22,'계산서(25하-천안)'!$X$3:$AI$104,3,FALSE) -> 300000 | AG22: =VLOOKUP(A22,'계산서(25하-천안)'!$X$3:$AI$104,4,FALSE) -> 400000 | AI22: =VLOOKUP(A22,'계산서(25하-천안)'!$X$3:$AI$104,2,FALSE) -> 45974 | AJ22: =VLOOKUP(A22,'계산서(25하-천안)'!$X$3:$AI$104,8,FALSE) -> 300000 | AK22: =VLOOKUP(A22,'계산서(25하-천안)'!$X$3:$AI$104,9,FALSE) -> 45973 | AL22: =VLOOKUP(A22,'계산서(25하-천안)'!$X$3:$AI$104,10,FALSE) -> 400000 | AM22: =VLOOKUP(A22,'계산서(25하-천안)'!$X$3:$AI$104,12,FALSE) -> 0
A23: H0226 | B23: 2025 | C23: 하반기 | D23: 공정의 수시변경 | E23: 천안 | F23: ="천-"&'25하-천안140'!A23 -> 천-148 | G23: 21 | H23: 16 | I23: 45912 | J23: 45912 | L23: 강종구 | M23: 천안 | N23: (주) 현대자동차충청써비스 | O23: 100 | P23: 3128168805 | Q23: 31281688050 | R23: 김송 | T23: 충청남도 아산시 곡교천로125번길 35 (실옥동) | U23: 041-546-0992 | V23: 041-547-3396 | W23: 김사론 | Y23: 010-7138-1537 | Z23: mt3275@hanmail.net | AA23: 45931 | AB23: 강종구 | AC23: mt3275@hanmail.net | AD23: =VLOOKUP(A23,'계산서(25하-천안)'!$X$3:$AI$104,2,FALSE) -> 45912 | AF23: =VLOOKUP(A23,'계산서(25하-천안)'!$X$3:$AI$104,3,FALSE) -> 2350000 | AG23: =VLOOKUP(A23,'계산서(25하-천안)'!$X$3:$AI$104,4,FALSE) -> 0 | AI23: =VLOOKUP(A23,'계산서(25하-천안)'!$X$3:$AI$104,2,FALSE) -> 45912 | AJ23: =VLOOKUP(A23,'계산서(25하-천안)'!$X$3:$AI$104,8,FALSE) -> 2350000 | AK23: =VLOOKUP(A23,'계산서(25하-천안)'!$X$3:$AI$104,9,FALSE) -> 국고 X | AL23: =VLOOKUP(A23,'계산서(25하-천안)'!$X$3:$AI$104,10,FALSE) -> 0 | AM23: =VLOOKUP(A23,'계산서(25하-천안)'!$X$3:$AI$104,12,FALSE) -> 0
A24: H0348 | B24: 2025 | C24: 하반기 | D24: 고시물질 | E24: 천안 | F24: ="천-"&'25하-천안140'!A24 -> 천-149 | G24: 22 | H24: 17 | I24: 45912 | J24: 45912 | L24: 이주형 | M24: 성남 | N24: 동아하이테크 주식회사 | O24: 16 | P24: 1268639422 | Q24: 12686394220 | R24: 이우용, 이호일 | T24: 경기도 광주시 도척면 방도길 8-35 (유정리) | U24: 031-797-1003 | V24: 031-797-3001 | W24: 이용준 | X24: 과장 | Y24: 010-8920-2263 | Z24: yj_lee@dongah.biz | AA24: 45925 | AB24: 이주형 | AC24: yj_lee@dongah.biz | AD24: =VLOOKUP(A24,'계산서(25하-천안)'!$X$3:$AI$104,2,FALSE) -> 45930 | AF24: =VLOOKUP(A24,'계산서(25하-천안)'!$X$3:$AI$104,3,FALSE) -> 300000 | AG24: =VLOOKUP(A24,'계산서(25하-천안)'!$X$3:$AI$104,4,FALSE) -> 400000 | AI24: =VLOOKUP(A24,'계산서(25하-천안)'!$X$3:$AI$104,2,FALSE) -> 45930 | AJ24: =VLOOKUP(A24,'계산서(25하-천안)'!$X$3:$AI$104,8,FALSE) -> 300000 | AK24: =VLOOKUP(A24,'계산서(25하-천안)'!$X$3:$AI$104,9,FALSE) -> 45951 | AL24: =VLOOKUP(A24,'계산서(25하-천안)'!$X$3:$AI$104,10,FALSE) -> 400000 | AM24: =VLOOKUP(A24,'계산서(25하-천안)'!$X$3:$AI$104,12,FALSE) -> 0
A25: H0102 | B25: 2025 | C25: 하반기 | D25: 고시물질 | E25: 천안 | F25: ="천-"&'25하-천안140'!A25 -> 천-150 | G25: 23 | H25: 18 | I25: 45915 | J25: 45917 | L25: 한기문, 이주형, 강종구, 고유빈 | M25: 전주 | N25: 국립농업과학원 | O25: 1512 | P25: 1248301818 | Q25: 12483018180 | R25: 이상재 | T25: 전북특별자치도 완주군 이서면 농생명로 166 (금평리, 국립농업과학원) | U25: 063-238-2243 | V25: 063-238-3814 | W25: 안유미 | X25: 보건관리자 | Y25: 010-3194-8055 | Z25: dbal8055@korea.kr | AA25: 45946 | AB25: 이주형 | AC25: dbal8055@korea.kr | AD25: =VLOOKUP(A25,'계산서(25하-천안)'!$X$3:$AI$104,2,FALSE) -> 46015 | AF25: =VLOOKUP(A25,'계산서(25하-천안)'!$X$3:$AI$104,3,FALSE) -> 15500000 | AG25: =VLOOKUP(A25,'계산서(25하-천안)'!$X$3:$AI$104,4,FALSE) -> 0 | AI25: =VLOOKUP(A25,'계산서(25하-천안)'!$X$3:$AI$104,2,FALSE) -> 46015 | AJ25: =VLOOKUP(A25,'계산서(25하-천안)'!$X$3:$AI$104,8,FALSE) -> 15500000 | AK25: =VLOOKUP(A25,'계산서(25하-천안)'!$X$3:$AI$104,9,FALSE) -> 국고 X | AL25: =VLOOKUP(A25,'계산서(25하-천안)'!$X$3:$AI$104,10,FALSE) -> 0 | AM25: =VLOOKUP(A25,'계산서(25하-천안)'!$X$3:$AI$104,12,FALSE) -> 0
A26: H0406 | B26: 2025 | C26: 하반기 | D26: 공정의 수시변경 | E26: 천안 | F26: ="천-"&'25하-천안140'!A26 -> 천-151 | G26: 24 | H26: 19 | I26: 45916 | J26: 45916 | L26: 배윤민 | M26: 경기 | N26: 범일건설(주) 명인제약(주) 발안2공장 고형제동 증축공사 | O26: 48 | P26: 2148678417 | Q26: 21486784176 | R26: 설병덕 | T26: 경기도 화성시 향남읍 제약단지로 50 (하길리) | W26: 손기호 | X26: 부장 | Y26: 010-5237-7921 | Z26: bumil13@hanmail.net | AA26: 45944 | AB26: 배윤민 | AC26: bumil13@hanmail.net | AD26: =VLOOKUP(A26,'계산서(25하-천안)'!$X$3:$AI$104,2,FALSE) -> 45951 | AF26: =VLOOKUP(A26,'계산서(25하-천안)'!$X$3:$AI$104,3,FALSE) -> 1000000 | AG26: =VLOOKUP(A26,'계산서(25하-천안)'!$X$3:$AI$104,4,FALSE) -> 0 | AI26: =VLOOKUP(A26,'계산서(25하-천안)'!$X$3:$AI$104,2,FALSE) -> 45951 | AJ26: =VLOOKUP(A26,'계산서(25하-천안)'!$X$3:$AI$104,8,FALSE) -> 1000000 | AK26: =VLOOKUP(A26,'계산서(25하-천안)'!$X$3:$AI$104,9,FALSE) -> 국고 X | AL26: =VLOOKUP(A26,'계산서(25하-천안)'!$X$3:$AI$104,10,FALSE) -> 0 | AM26: =VLOOKUP(A26,'계산서(25하-천안)'!$X$3:$AI$104,12,FALSE) -> 0
A27: H0405 | B27: 2025 | C27: 하반기 | D27: 최초실시, 고시물질 | E27: 천안 | F27: ="천-"&'25하-천안140'!A27 -> 천-152 | G27: 25 | H27: 20 | I27: 45917 | J27: 45917 | L27: 강종구 | M27: 천안 | N27: 콜러벤처스인크 천안지점 | O27: 16 | P27: 2968400028 | Q27: 92438631521 | R27: KASHYAP JAIRAJ KAPADIA(카쉬얍제이라즈카파디아) | T27: 충청남도 천안시 서북구 직산읍 부송3길 61 (부송리, 노비타), B동 202호 | W27: 전우진 | X27: 프로 | Y27: 010-5491-1412 | Z27: woojin.jeon@kohler.com | AA27: 45943 | AB27: 강종구 | AC27: kraccountspayable@kohlerventures.com, woojin.jeon@kohler.com | AD27: =VLOOKUP(A27,'계산서(25하-천안)'!$X$3:$AI$104,2,FALSE) -> 45945 | AF27: =VLOOKUP(A27,'계산서(25하-천안)'!$X$3:$AI$104,3,FALSE) -> 300000 | AG27: =VLOOKUP(A27,'계산서(25하-천안)'!$X$3:$AI$104,4,FALSE) -> 1000000 | AI27: =VLOOKUP(A27,'계산서(25하-천안)'!$X$3:$AI$104,2,FALSE) -> 45945 | AJ27: =VLOOKUP(A27,'계산서(25하-천안)'!$X$3:$AI$104,8,FALSE) -> 300000 | AK27: =VLOOKUP(A27,'계산서(25하-천안)'!$X$3:$AI$104,9,FALSE) -> 45973 | AL27: =VLOOKUP(A27,'계산서(25하-천안)'!$X$3:$AI$104,10,FALSE) -> 1000000 | AM27: =VLOOKUP(A27,'계산서(25하-천안)'!$X$3:$AI$104,12,FALSE) -> 0
A28: H0288 | B28: 2025 | C28: 하반기 | D28: 소음85이상 | E28: 천안 | F28: ="천-"&'25하-천안140'!A28 -> 천-153 | G28: 26 | H28: 21 | I28: 45917 | J28: 45917 | L28: 고유빈 | M28: 천안 | N28: 동아하이테크 주식회사 2공장 | O28: 23 | P28: 1268639422 | Q28: 92231854931 | R28: 이우용, 이호일 | T28: 충청남도 천안시 서북구 성환읍 왕지1길 5 (율금리) | U28: 031-797-1003 | V28: 031-797-3001 | W28: 이용준, 이원국 | X28: 과장(본사) 차장(현장) | Y28: 010-8920-2263, 010-8928-0605 | Z28: wk0209@dongah.biz(현장) | AA28: 10월 16일 | AB28: 고유빈 | AC28: yj_lee@dongah.biz(본사) | AD28: =VLOOKUP(A28,'계산서(25하-천안)'!$X$3:$AI$104,2,FALSE) -> 45930 | AF28: =VLOOKUP(A28,'계산서(25하-천안)'!$X$3:$AI$104,3,FALSE) -> 100000 | AG28: =VLOOKUP(A28,'계산서(25하-천안)'!$X$3:$AI$104,4,FALSE) -> 366470 | AI28: =VLOOKUP(A28,'계산서(25하-천안)'!$X$3:$AI$104,2,FALSE) -> 45930 | AJ28: =VLOOKUP(A28,'계산서(25하-천안)'!$X$3:$AI$104,8,FALSE) -> 0 | AK28: =VLOOKUP(A28,'계산서(25하-천안)'!$X$3:$AI$104,9,FALSE) -> 45973 | AL28: =VLOOKUP(A28,'계산서(25하-천안)'!$X$3:$AI$104,10,FALSE) -> 366470 | AM28: =VLOOKUP(A28,'계산서(25하-천안)'!$X$3:$AI$104,12,FALSE) -> 0
A29: H0213 | B29: 2025 | C29: 하반기 | D29: 공정의 수시변경 | E29: 천안 | F29: ="천-"&'25하-천안140'!A29 -> 천-154 | G29: 27 | H29: 22 | I29: 45918 | J29: 45918 | L29: 강종구 | M29: 서산 | N29: 일성건설(주)삭선-원북 지방도 확포장공사 | O29: 34 | P29: 1058129640 | Q29: 10581296406 | R29: 백종탁 | T29: 충청남도 태안군 태안읍 원이로 77 (삭선리) | U29: 070-4924-0905 | V29: 041-674-0877 | W29: 최승현 | X29: 안전팀장 | Y29: 010-4616-5408 | Z29: 20230502@ilsungconst.co.kr | AA29: 45945 | AB29: 강종구 | AC29: 20230502@ilsungconst.co.kr | AD29: =VLOOKUP(A29,'계산서(25하-천안)'!$X$3:$AI$104,2,FALSE) -> 45953 | AF29: =VLOOKUP(A29,'계산서(25하-천안)'!$X$3:$AI$104,3,FALSE) -> 1700000 | AG29: =VLOOKUP(A29,'계산서(25하-천안)'!$X$3:$AI$104,4,FALSE) -> 0 | AI29: =VLOOKUP(A29,'계산서(25하-천안)'!$X$3:$AI$104,2,FALSE) -> 45953 | AJ29: =VLOOKUP(A29,'계산서(25하-천안)'!$X$3:$AI$104,8,FALSE) -> 1700000 | AK29: =VLOOKUP(A29,'계산서(25하-천안)'!$X$3:$AI$104,9,FALSE) -> 국고 X | AL29: =VLOOKUP(A29,'계산서(25하-천안)'!$X$3:$AI$104,10,FALSE) -> 0 | AM29: =VLOOKUP(A29,'계산서(25하-천안)'!$X$3:$AI$104,12,FALSE) -> 0
A30: H0346 | B30: 2025 | C30: 하반기 | D30: 공정의 수시변경 | E30: 천안 | F30: ="천-"&'25하-천안140'!A30 -> 천-155 | G30: 28 | H30: 23 | I30: 45918 | J30: 45918 | L30: 배윤민 | M30: 서산 | N30: 일성건설(주) 태안발전본부 공업용수관로(삭선-원북) 이설공사 | O30: 6 | P30: 1058129640 | Q30: 10581296406 | R30: 백종탁 | T30: 충청남도 태안군 태안읍 원이로 77 (삭선리) | U30: 070-4924-0905 | V30: 041-674-0877 | W30: 최승현 | X30: 안전팀장 | Y30: 010-4616-5408 | Z30: 20230502@ilsungconst.co.kr | AA30: 45945 | AB30: 배윤민 | AC30: 20230502@ilsungconst.co.kr | AD30: =VLOOKUP(A30,'계산서(25하-천안)'!$X$3:$AI$104,2,FALSE) -> 45953 | AF30: =VLOOKUP(A30,'계산서(25하-천안)'!$X$3:$AI$104,3,FALSE) -> 900000 | AG30: =VLOOKUP(A30,'계산서(25하-천안)'!$X$3:$AI$104,4,FALSE) -> 0 | AI30: =VLOOKUP(A30,'계산서(25하-천안)'!$X$3:$AI$104,2,FALSE) -> 45953 | AJ30: =VLOOKUP(A30,'계산서(25하-천안)'!$X$3:$AI$104,8,FALSE) -> 900000 | AK30: =VLOOKUP(A30,'계산서(25하-천안)'!$X$3:$AI$104,9,FALSE) -> 국고 X | AL30: =VLOOKUP(A30,'계산서(25하-천안)'!$X$3:$AI$104,10,FALSE) -> 0 | AM30: =VLOOKUP(A30,'계산서(25하-천안)'!$X$3:$AI$104,12,FALSE) -> 0
A31: H0368 | B31: 2025 | C31: 하반기 | D31: 공정의 수시변경 | E31: 천안 | F31: ="천-"&'25하-천안140'!A31 -> 천-156 | G31: 29 | H31: 24 | I31: 45919 | J31: 45919 | L31: 강종구 | M31: 서산 | N31: 일성건설(주) 삭선-원북간 상하수도관 이설공사 | O31: 6 | P31: 1058129640 | Q31: 10581296406 | R31: 백종탁 | T31: 충청남도 태안군 태안읍 삭선길 505 (삭선리) | U31: 070-4924-0905 | V31: 041-674-0877 | W31: 최승현 | X31: 안전팀장 | Y31: 010-4616-5408 | Z31: 20230502@ilsungconst.co.kr | AA31: 45945 | AB31: 강종구 | AC31: 20230502@ilsungconst.co.kr | AD31: =VLOOKUP(A31,'계산서(25하-천안)'!$X$3:$AI$104,2,FALSE) -> 45953 | AF31: =VLOOKUP(A31,'계산서(25하-천안)'!$X$3:$AI$104,3,FALSE) -> 900000 | AG31: =VLOOKUP(A31,'계산서(25하-천안)'!$X$3:$AI$104,4,FALSE) -> 0 | AI31: =VLOOKUP(A31,'계산서(25하-천안)'!$X$3:$AI$104,2,FALSE) -> 45953 | AJ31: =VLOOKUP(A31,'계산서(25하-천안)'!$X$3:$AI$104,8,FALSE) -> 900000 | AK31: =VLOOKUP(A31,'계산서(25하-천안)'!$X$3:$AI$104,9,FALSE) -> 국고 X | AL31: =VLOOKUP(A31,'계산서(25하-천안)'!$X$3:$AI$104,10,FALSE) -> 0 | AM31: =VLOOKUP(A31,'계산서(25하-천안)'!$X$3:$AI$104,12,FALSE) -> 0
A32: H0242 | B32: 2025 | C32: 하반기 | D32: 고시물질 | E32: 천안 | F32: ="천-"&'25하-천안140'!A32 -> 천-157 | G32: 30 | H32: 25 | I32: 45922 | J32: 45922 | L32: 이태환 | M32: 천안 | N32: 주식회사 엘에스이 | O32: 31 | P32: 1498101813 | Q32: 14981018130 | R32: 이관형 | T32: 충청남도 천안시 서북구 직산읍 4산단6길 22 (신갈리) | U32: 041-583-0110 | V32: 041-555-0933 | W32: 박기상 | X32: 부장 | Y32: 010-8964-7234 | Z32: kspark@lsglobal.co.kr | AA32: 45951 | AB32: 고유빈 | AC32: kspark@lsglobal.co.kr | AD32: =VLOOKUP(A32,'계산서(25하-천안)'!$X$3:$AI$104,2,FALSE) -> 45974 | AF32: =VLOOKUP(A32,'계산서(25하-천안)'!$X$3:$AI$104,3,FALSE) -> 1250000 | AG32: =VLOOKUP(A32,'계산서(25하-천안)'!$X$3:$AI$104,4,FALSE) -> 400000 | AI32: =VLOOKUP(A32,'계산서(25하-천안)'!$X$3:$AI$104,2,FALSE) -> 45974 | AJ32: =VLOOKUP(A32,'계산서(25하-천안)'!$X$3:$AI$104,8,FALSE) -> 1250000 | AK32: =VLOOKUP(A32,'계산서(25하-천안)'!$X$3:$AI$104,9,FALSE) -> 45973 | AL32: =VLOOKUP(A32,'계산서(25하-천안)'!$X$3:$AI$104,10,FALSE) -> 400000 | AM32: =VLOOKUP(A32,'계산서(25하-천안)'!$X$3:$AI$104,12,FALSE) -> 0
A33: H0307 | B33: 2025 | C33: 하반기 | D33: 고시물질 | E33: 천안 | F33: ="천-"&'25하-천안140'!A33 -> 천-158 | G33: 31 | H33: 26 | I33: 45922 | J33: 45922 | L33: 고유빈 | M33: 천안 | N33: (주)엘에스티 | O33: 15 | P33: 3128629753 | Q33: 31286297530 | R33: 이관형 | T33: 충청남도 천안시 서북구 직산읍 4산단4로 60, 씨동 1호 (모서리) | U33: 041-583-0110 | V33: 041-555-0933 | W33: 박기상 | X33: 부장 | Y33: 010-8964-7234 | Z33: kspark@lsglobal.co.kr | AA33: 45951 | AB33: 고유빈 | AC33: kspark@lsglobal.co.kr | AD33: =VLOOKUP(A33,'계산서(25하-천안)'!$X$3:$AI$104,2,FALSE) -> 45974 | AF33: =VLOOKUP(A33,'계산서(25하-천안)'!$X$3:$AI$104,3,FALSE) -> 600000 | AG33: =VLOOKUP(A33,'계산서(25하-천안)'!$X$3:$AI$104,4,FALSE) -> 400000 | AI33: =VLOOKUP(A33,'계산서(25하-천안)'!$X$3:$AI$104,2,FALSE) -> 45974 | AJ33: =VLOOKUP(A33,'계산서(25하-천안)'!$X$3:$AI$104,8,FALSE) -> 0 | AK33: =VLOOKUP(A33,'계산서(25하-천안)'!$X$3:$AI$104,9,FALSE) -> 45973 | AL33: =VLOOKUP(A33,'계산서(25하-천안)'!$X$3:$AI$104,10,FALSE) -> 400000 | AM33: =VLOOKUP(A33,'계산서(25하-천안)'!$X$3:$AI$104,12,FALSE) -> 0
A34: H0137 | B34: 2025 | C34: 하반기 | D34: 고시물질 | E34: 천안 | F34: ="천-"&'25하-천안140'!A34 -> 천-159 | G34: 32 | H34: 27 | I34: 45922 | J34: 45922 | L34: 이주형 | M34: 천안 | N34: 성일테크(주)당진공장 | O34: 6 | P34: 4178133090 | Q34: 92126827491 | R34: 황일곤 | T34: 충청남도 당진시 석문면 산단3로2길 19 (통정리) | U34: 070-4250-3949 | V34: 041-354-1503 | W34: 김보성 | X34: 과장 | Y34: 010-9146-6015 | Z34: sighwang@hanmail.net | AA34: 45951 | AB34: 이주형 | AC34: sighwang@hanmail.net | AD34: =VLOOKUP(A34,'계산서(25하-천안)'!$X$3:$AI$104,2,FALSE) -> 45951 | AF34: =VLOOKUP(A34,'계산서(25하-천안)'!$X$3:$AI$104,3,FALSE) -> 600000 | AG34: =VLOOKUP(A34,'계산서(25하-천안)'!$X$3:$AI$104,4,FALSE) -> 400000 | AI34: =VLOOKUP(A34,'계산서(25하-천안)'!$X$3:$AI$104,2,FALSE) -> 45951 | AJ34: =VLOOKUP(A34,'계산서(25하-천안)'!$X$3:$AI$104,8,FALSE) -> 600000 | AK34: =VLOOKUP(A34,'계산서(25하-천안)'!$X$3:$AI$104,9,FALSE) -> 45973 | AL34: =VLOOKUP(A34,'계산서(25하-천안)'!$X$3:$AI$104,10,FALSE) -> 400000 | AM34: =VLOOKUP(A34,'계산서(25하-천안)'!$X$3:$AI$104,12,FALSE) -> 0
A35: H0260 | B35: 2025 | C35: 하반기 | D35: 고시물질 | E35: 천안 | F35: ="천-"&'25하-천안140'!A35 -> 천-[[ | G35: 33 | H35: 28 | I35: 45923 | J35: 45923 | L35: 한기문, 고유빈, 배윤민 | M35: 보령 | N35: 국립해양생물자원관 | O35: 260 | P35: 1378210048 | Q35: 13782100480 | R35: 김현태 | T35: 충청남도 서천군 장항읍 장산로101번길 75 (송림리, 국립해양생물자원관) | U35: 041-950-0680 | V35: 041-950-0682 | W35: 이예솔 | X35: 보건관리자 | Y35: 010-3386-6325 | Z35: leeyesol95@mabik.re.kr | AA35: 45952 | AB35: 한기문 | AC35: 0 | AD35: =VLOOKUP(A35,'계산서(25하-천안)'!$X$3:$AI$104,2,FALSE) -> 45960 | AF35: =VLOOKUP(A35,'계산서(25하-천안)'!$X$3:$AI$104,3,FALSE) -> 9700000 | AG35: =VLOOKUP(A35,'계산서(25하-천안)'!$X$3:$AI$104,4,FALSE) -> 0 | AI35: =VLOOKUP(A35,'계산서(25하-천안)'!$X$3:$AI$104,2,FALSE) -> 45960 | AJ35: =VLOOKUP(A35,'계산서(25하-천안)'!$X$3:$AI$104,8,FALSE) -> 9700000 | AK35: =VLOOKUP(A35,'계산서(25하-천안)'!$X$3:$AI$104,9,FALSE) -> 국고 X | AL35: =VLOOKUP(A35,'계산서(25하-천안)'!$X$3:$AI$104,10,FALSE) -> 0 | AM35: =VLOOKUP(A35,'계산서(25하-천안)'!$X$3:$AI$104,12,FALSE) -> 0
A36: H0407 | B36: 2025 | C36: 하반기 | D36: 최초실시, 공정의 수시변경 | E36: 천안 | F36: ="천-"&'25하-천안140'!A36 -> 천-161 | G36: 34 | H36: 28 | I36: 45923 | J36: 45923 | L36: 강종구 | M36: 천안 | N36: (주) 광전사 천안 스마트그린산단 통합관제센터 스마트횡단보도 설치 | O36: 4 | P36: 3128154505 | Q36: 31281545056 | R36: 박현석 | T36: 충청남도 천안시 서북구 3공단6로 86-9 제3일반산업단지 | W36: 정동주 | Y36: 010-8883-7115 | Z36: lwt3let3@naver.com | AA36: 45951 | AB36: 강종구 | AC36: kjs28855@hanmail.net | AD36: =VLOOKUP(A36,'계산서(25하-천안)'!$X$3:$AI$104,2,FALSE) -> 국고 전액 | AF36: =VLOOKUP(A36,'계산서(25하-천안)'!$X$3:$AI$104,3,FALSE) -> 0 | AG36: =VLOOKUP(A36,'계산서(25하-천안)'!$X$3:$AI$104,4,FALSE) -> 1000000 | AI36: =VLOOKUP(A36,'계산서(25하-천안)'!$X$3:$AI$104,2,FALSE) -> 국고 전액 | AJ36: =VLOOKUP(A36,'계산서(25하-천안)'!$X$3:$AI$104,8,FALSE) -> 0 | AK36: =VLOOKUP(A36,'계산서(25하-천안)'!$X$3:$AI$104,9,FALSE) -> 45973 | AL36: =VLOOKUP(A36,'계산서(25하-천안)'!$X$3:$AI$104,10,FALSE) -> 1000000 | AM36: =VLOOKUP(A36,'계산서(25하-천안)'!$X$3:$AI$104,12,FALSE) -> 0
A37: H0267 | B37: 2025 | C37: 하반기 | E37: 천안 | F37: ="천-"&'25하-천안140'!A37 -> 천-162 | G37: 35 | H37: 29 | I37: 45925 | J37: 45925 | L37: 고유빈 | M37: 서산 | N37: 태안군농협쌀조합공동사업법인 | O37: 10 | P37: 4588602308 | Q37: 45886023080 | R37: 한영헌 | T37: 충청남도 태안군 태안읍 송암로 30-24 (남산리) | U37: 041-675-8931 | V37: 041-675-8934 | W37: 이유진 | Y37: 010-9095-6411 | Z37: nh481141-1@nonghyup.com | AA37: 10월 21일 | AB37: 고유빈 | AC37: nh481141-1@nonghyup.com | AD37: =VLOOKUP(A37,'계산서(25하-천안)'!$X$3:$AI$104,2,FALSE) -> 45974 | AF37: =VLOOKUP(A37,'계산서(25하-천안)'!$X$3:$AI$104,3,FALSE) -> 300000 | AG37: =VLOOKUP(A37,'계산서(25하-천안)'!$X$3:$AI$104,4,FALSE) -> 400000 | AI37: =VLOOKUP(A37,'계산서(25하-천안)'!$X$3:$AI$104,2,FALSE) -> 45974 | AJ37: =VLOOKUP(A37,'계산서(25하-천안)'!$X$3:$AI$104,8,FALSE) -> 300000 | AK37: =VLOOKUP(A37,'계산서(25하-천안)'!$X$3:$AI$104,9,FALSE) -> 45973 | AL37: =VLOOKUP(A37,'계산서(25하-천안)'!$X$3:$AI$104,10,FALSE) -> 400000 | AM37: =VLOOKUP(A37,'계산서(25하-천안)'!$X$3:$AI$104,12,FALSE) -> 0
A38: H0172 | B38: 2025 | C38: 하반기 | E38: 천안 | F38: ="천-"&'25하-천안140'!A38 -> 천-163 | G38: 36 | H38: 30 | I38: 45925 | J38: 45925 | L38: 이주형 | M38: 천안 | N38: 주식회사 소닉스비오엠 | O38: 30 | P38: 1078809580 | Q38: 10788095800 | R38: 류병일 | T38: 충청남도 천안시 서북구 2공단3로 59 (업성동) | U38: 041-585-5701 | V38: 041-585-5703 | W38: 김성수 | X38: 부사장 | Y38: 010-5460-3453 | Z38: kss1014kr@naver.com | AA38: 45954 | AB38: 이주형 | AC38: kss1014kr@naver.com | AD38: =VLOOKUP(A38,'계산서(25하-천안)'!$X$3:$AI$104,2,FALSE) -> 45954 | AF38: =VLOOKUP(A38,'계산서(25하-천안)'!$X$3:$AI$104,3,FALSE) -> 200000 | AG38: =VLOOKUP(A38,'계산서(25하-천안)'!$X$3:$AI$104,4,FALSE) -> 400000 | AI38: =VLOOKUP(A38,'계산서(25하-천안)'!$X$3:$AI$104,2,FALSE) -> 45954 | AJ38: =VLOOKUP(A38,'계산서(25하-천안)'!$X$3:$AI$104,8,FALSE) -> 200000 | AK38: =VLOOKUP(A38,'계산서(25하-천안)'!$X$3:$AI$104,9,FALSE) -> 45973 | AL38: =VLOOKUP(A38,'계산서(25하-천안)'!$X$3:$AI$104,10,FALSE) -> 400000 | AM38: =VLOOKUP(A38,'계산서(25하-천안)'!$X$3:$AI$104,12,FALSE) -> 0
A39: H0163 | B39: 2025 | C39: 하반기 | D39: 고시물질 | E39: 천안 | F39: ="천-"&'25하-천안140'!A39 -> 천-164 | G39: 37 | H39: 31 | I39: 45926 | J39: 45926 | L39: 한기문, 강종구, 배윤민 | M39: 전주 | N39: 국립축산과학원 | O39: 317 | P39: 1248301711 | Q39: 12483017110 | R39: 임기순 | T39: 전북특별자치도 완주군 이서면 콩쥐팥쥐로 1500 (금평리, 국립축산과학원) | U39: 063-238-7178 | V39: 063-238-7174 | W39: 김은혜 | X39: 보건관리자 | Y39: 010-9905-4498 | Z39: geace25@korea.kr | AA39: 45952 | AB39: 한기문 | AC39: euni2698@korea.kr | AD39: =VLOOKUP(A39,'계산서(25하-천안)'!$X$3:$AI$104,2,FALSE) -> 45980 | AF39: =VLOOKUP(A39,'계산서(25하-천안)'!$X$3:$AI$104,3,FALSE) -> 4700000 | AG39: =VLOOKUP(A39,'계산서(25하-천안)'!$X$3:$AI$104,4,FALSE) -> - | AI39: =VLOOKUP(A39,'계산서(25하-천안)'!$X$3:$AI$104,2,FALSE) -> 45980 | AJ39: =VLOOKUP(A39,'계산서(25하-천안)'!$X$3:$AI$104,8,FALSE) -> 4700000 | AK39: =VLOOKUP(A39,'계산서(25하-천안)'!$X$3:$AI$104,9,FALSE) -> 국고 X | AL39: =VLOOKUP(A39,'계산서(25하-천안)'!$X$3:$AI$104,10,FALSE) -> 0 | AM39: =VLOOKUP(A39,'계산서(25하-천안)'!$X$3:$AI$104,12,FALSE) -> 0
A40: H0403 | B40: 2025 | C40: 하반기 | D40: 최초실시, 고시물질 | E40: 천안 | F40: ="천-"&'25하-천안140'!A40 -> 천-165 | G40: 38 | H40: 32 | I40: 45930 | J40: 45930 | L40: 한기문 | M40: 천안 | N40: 주식회사 알디솔루션 천안공장 | O40: 15 | P40: 5678701631 | Q40: 92540861161 | R40: 손일 | T40: 충청남도 천안시 서북구 입장면 망향로 1225 (독정리) | U40: 1611-2837 | V40: 0503-8379-5588 | W40: 권유안 | X40: 팀장 | Y40: 010-5554-4922 | Z40: kya052@rdsglobal.net | AA40: 45954 | AB40: 한기문 | AC40: 0 | AD40: =VLOOKUP(A40,'계산서(25하-천안)'!$X$3:$AI$104,2,FALSE) -> 45954 | AF40: =VLOOKUP(A40,'계산서(25하-천안)'!$X$3:$AI$104,3,FALSE) -> 1300000 | AG40: =VLOOKUP(A40,'계산서(25하-천안)'!$X$3:$AI$104,4,FALSE) -> 1000000 | AI40: =VLOOKUP(A40,'계산서(25하-천안)'!$X$3:$AI$104,2,FALSE) -> 45954 | AJ40: =VLOOKUP(A40,'계산서(25하-천안)'!$X$3:$AI$104,8,FALSE) -> 1300000 | AK40: =VLOOKUP(A40,'계산서(25하-천안)'!$X$3:$AI$104,9,FALSE) -> 45973 | AL40: =VLOOKUP(A40,'계산서(25하-천안)'!$X$3:$AI$104,10,FALSE) -> 1000000 | AM40: =VLOOKUP(A40,'계산서(25하-천안)'!$X$3:$AI$104,12,FALSE) -> 0
A41: H0178 | B41: 2025 | C41: 하반기 | D41: 고시물질 | E41: 천안 | F41: ="천-"&'25하-천안140'!A41 -> 천-166 | G41: 39 | H41: 32 | I41: 45944 | J41: 45944 | L41: 고유빈 | M41: 천안 | N41: 케이피테크 | O41: 2 | P41: 4170172413 | Q41: 41701724130 | R41: 김경택 | T41: 충청남도 천안시 서북구 입장면 석재길 51, 1층 (하장리) | U41: 041-585-0086 | V41: 041-585-0087 | W41: 김경택 | X41: 대표 | Y41: 010-7162-7218 | Z41: kptech0086@nate.com | AA41: 11월 5일 | AB41: 고유빈 | AC41: kptech0086@nate.com | AD41: =VLOOKUP(A41,'계산서(25하-천안)'!$X$3:$AI$104,2,FALSE) -> 국고 전액 | AF41: =VLOOKUP(A41,'계산서(25하-천안)'!$X$3:$AI$104,3,FALSE) -> 0 | AG41: =VLOOKUP(A41,'계산서(25하-천안)'!$X$3:$AI$104,4,FALSE) -> 400000 | AI41: =VLOOKUP(A41,'계산서(25하-천안)'!$X$3:$AI$104,2,FALSE) -> 국고 전액 | AJ41: =VLOOKUP(A41,'계산서(25하-천안)'!$X$3:$AI$104,8,FALSE) -> 0 | AK41: =VLOOKUP(A41,'계산서(25하-천안)'!$X$3:$AI$104,9,FALSE) -> 45986 | AL41: =VLOOKUP(A41,'계산서(25하-천안)'!$X$3:$AI$104,10,FALSE) -> 400000 | AM41: =VLOOKUP(A41,'계산서(25하-천안)'!$X$3:$AI$104,12,FALSE) -> 0
A42: H0320 | B42: 2025 | C42: 하반기 | D42: 고시물질 | E42: 천안 | F42: ="천-"&'25하-천안140'!A42 -> 천-167 | G42: 40 | H42: 33 | I42: 45944 | J42: 45944 | L42: 배윤민 | M42: 천안 | N42: 성연테크 | O42: 25 | P42: 5454000396 | Q42: 54540003960 | R42: 정현수 | T42: 충청남도 천안시 서북구 백석공단3길 66 (백석동) | U42: 041-578-3766 | V42: 041-578-3767 | W42: 강혜진 | X42: 주임 | Y42: 010-7678-9829 | Z42: hjkang@sungyeon.net | AA42: 11월 12일 | AB42: 배윤민 | AC42: hjkang@sungyeon.net | AD42: =VLOOKUP(A42,'계산서(25하-천안)'!$X$3:$AI$104,2,FALSE) -> 45994 | AF42: =VLOOKUP(A42,'계산서(25하-천안)'!$X$3:$AI$104,3,FALSE) -> 200000 | AG42: =VLOOKUP(A42,'계산서(25하-천안)'!$X$3:$AI$104,4,FALSE) -> 400000 | AI42: =VLOOKUP(A42,'계산서(25하-천안)'!$X$3:$AI$104,2,FALSE) -> 45994 | AJ42: =VLOOKUP(A42,'계산서(25하-천안)'!$X$3:$AI$104,8,FALSE) -> 200000 | AK42: =VLOOKUP(A42,'계산서(25하-천안)'!$X$3:$AI$104,9,FALSE) -> 45986 | AL42: =VLOOKUP(A42,'계산서(25하-천안)'!$X$3:$AI$104,10,FALSE) -> 400000 | AM42: =VLOOKUP(A42,'계산서(25하-천안)'!$X$3:$AI$104,12,FALSE) -> 0
A43: H0157 | B43: 2025 | C43: 하반기 | D43: 고시물질 | E43: 천안 | F43: ="천-"&'25하-천안140'!A43 -> 천-168 | G43: 41 | H43: 34 | I43: 45945 | J43: 45945 | L43: 이주형, 고유빈 | M43: 보령 | N43: 충청남도 홍성의료원 | O43: 580 | P43: 3108201751 | Q43: 31082017510 | R43: 김건식 | T43: 충청남도 홍성군 홍성읍 조양로 224 (고암리) | U43: 041-630-6261 | V43: 041-633-6119 | W43: 조성필 | X43: 보건관리자 | Y43: 010-3128-0875 | Z43: pill5454@naver.com | AA43: 45971 | AB43: 이주형 | AC43: pill5454@hsmc.or.kr | AD43: =VLOOKUP(A43,'계산서(25하-천안)'!$X$3:$AI$104,2,FALSE) -> 45972 | AF43: =VLOOKUP(A43,'계산서(25하-천안)'!$X$3:$AI$104,3,FALSE) -> 1700000 | AG43: =VLOOKUP(A43,'계산서(25하-천안)'!$X$3:$AI$104,4,FALSE) -> 0 | AI43: =VLOOKUP(A43,'계산서(25하-천안)'!$X$3:$AI$104,2,FALSE) -> 45972 | AJ43: =VLOOKUP(A43,'계산서(25하-천안)'!$X$3:$AI$104,8,FALSE) -> 1700000 | AK43: =VLOOKUP(A43,'계산서(25하-천안)'!$X$3:$AI$104,9,FALSE) -> 국고 X | AL43: =VLOOKUP(A43,'계산서(25하-천안)'!$X$3:$AI$104,10,FALSE) -> 0 | AM43: =VLOOKUP(A43,'계산서(25하-천안)'!$X$3:$AI$104,12,FALSE) -> 0
A44: H0382 | B44: 2025 | C44: 하반기 | D44: 고시물질, 소음85이상 | E44: 천안 | F44: ="천-"&'25하-천안140'!A44 -> 천-169 | G44: 42 | H44: 35 | I44: 45946 | J44: 45946 | L44: 강종구, 배윤민 | M44: 보령 | N44: 주식회사 수천중공업 | O44: 46 | P44: 3108129427 | Q44: 31081294270 | R44: 김현진 | T44: 충청남도 홍성군 갈산면 산단로388번길 33 (취생리, (주)수천중공업) | U44: 041-635-0601 | V44: 041-635-0605 | W44: 임재영 | X44: 안전담당 | Y44: 010-6371-9061 | Z44: biz@suchun.co.kr | AA44: 45973 | AB44: 강종구 | AC44: suchun111@hometax.go.kr | AD44: =VLOOKUP(A44,'계산서(25하-천안)'!$X$3:$AI$104,2,FALSE) -> 45973 | AF44: =VLOOKUP(A44,'계산서(25하-천안)'!$X$3:$AI$104,3,FALSE) -> 2300000 | AG44: =VLOOKUP(A44,'계산서(25하-천안)'!$X$3:$AI$104,4,FALSE) -> 400000 | AI44: =VLOOKUP(A44,'계산서(25하-천안)'!$X$3:$AI$104,2,FALSE) -> 45973 | AJ44: =VLOOKUP(A44,'계산서(25하-천안)'!$X$3:$AI$104,8,FALSE) -> 2300000 | AK44: =VLOOKUP(A44,'계산서(25하-천안)'!$X$3:$AI$104,9,FALSE) -> 46009 | AL44: =VLOOKUP(A44,'계산서(25하-천안)'!$X$3:$AI$104,10,FALSE) -> 400000 | AM44: =VLOOKUP(A44,'계산서(25하-천안)'!$X$3:$AI$104,12,FALSE) -> 0
A45: H0125 | B45: 2025 | C45: 하반기 | D45: 고시물질 | E45: 천안 | F45: ="천-"&'25하-천안140'!A45 -> 천-170 | G45: 43 | H45: 36 | I45: 45946 | J45: 45946 | L45: 고유빈 | M45: 천안 | N45: 노아 | O45: 13 | P45: 3122431299 | Q45: 31224312990 | R45: 전은미 | T45: 충청남도 천안시 서북구 직산읍 부송로 136 (마정리) | U45: 041-566-5507 | V45: 041-566-5506 | W45: 이동연 | X45: 주임 | Y45: 010-7212-3586 | Z45: dongyeon_lee@noahtrust.co.kr | AA45: 11월 5일 | AB45: 고유빈 | AC45: kspark | AD45: =VLOOKUP(A45,'계산서(25하-천안)'!$X$3:$AI$104,2,FALSE) -> 45974 | AF45: =VLOOKUP(A45,'계산서(25하-천안)'!$X$3:$AI$104,3,FALSE) -> 200000 | AG45: =VLOOKUP(A45,'계산서(25하-천안)'!$X$3:$AI$104,4,FALSE) -> 400000 | AI45: =VLOOKUP(A45,'계산서(25하-천안)'!$X$3:$AI$104,2,FALSE) -> 45974 | AJ45: =VLOOKUP(A45,'계산서(25하-천안)'!$X$3:$AI$104,8,FALSE) -> 200000 | AK45: =VLOOKUP(A45,'계산서(25하-천안)'!$X$3:$AI$104,9,FALSE) -> 45986 | AL45: =VLOOKUP(A45,'계산서(25하-천안)'!$X$3:$AI$104,10,FALSE) -> 400000 | AM45: =VLOOKUP(A45,'계산서(25하-천안)'!$X$3:$AI$104,12,FALSE) -> 0
A46: H0409 | B46: 2025 | C46: 하반기 | D46: 최초실시, 공정의 수시변경 | E46: 천안 | F46: ="천-"&'25하-천안140'!A46 -> 천-171 | G46: 44 | H46: 37 | I46: 45947 | J46: 45947 | L46: 강종구 | M46: 천안 | N46: 남영물류산업 (주) 쿠팡 CHA8 B2F Mezzanine 제작 및 설치공사 | O46: 25 | P46: 2048171256 | Q46: 91201346717 | R46: 남후식 | T46: 충청남도 천안시 서북구 성환읍 대홍4길 15-5 (대홍리) | W46: 김태선 | X46: 책임 | Y46: 010-8314-8999 | Z46: xotjs16@nyhanger.co.kr | AA46: 45973 | AB46: 강종구 | AC46: ny6127@empas.com | AD46: =VLOOKUP(A46,'계산서(25하-천안)'!$X$3:$AI$104,2,FALSE) -> 45974 | AF46: =VLOOKUP(A46,'계산서(25하-천안)'!$X$3:$AI$104,3,FALSE) -> 500000 | AG46: =VLOOKUP(A46,'계산서(25하-천안)'!$X$3:$AI$104,4,FALSE) -> 1000000 | AI46: =VLOOKUP(A46,'계산서(25하-천안)'!$X$3:$AI$104,2,FALSE) -> 45974 | AJ46: =VLOOKUP(A46,'계산서(25하-천안)'!$X$3:$AI$104,8,FALSE) -> 500000 | AK46: =VLOOKUP(A46,'계산서(25하-천안)'!$X$3:$AI$104,9,FALSE) -> 45986 | AL46: =VLOOKUP(A46,'계산서(25하-천안)'!$X$3:$AI$104,10,FALSE) -> 1000000 | AM46: =VLOOKUP(A46,'계산서(25하-천안)'!$X$3:$AI$104,12,FALSE) -> 0
A47: H0411 | B47: 2025 | C47: 하반기 | D47: 최초실시, 공정의 수시변경 | E47: 천안 | F47: ="천-"&'25하-천안140'!A47 -> 천-172 | G47: 45 | H47: 38 | I47: 45947 | J47: 45947 | L47: 배윤민 | M47: 천안 | N47: 주식회사 동방방재 CHA8 Ph2 소방설비 설치공사 | O47: 13 | P47: 1358166480 | Q47: 13581664806 | R47: 민경인 | T47: 충청남도 천안시 서북구 입장면 용정도하길 495 (산정리) | W47: 황선태 | X47: 안전팀장 | Y47: 010-9819-0308 | Z47: great-88@hanmail.net | AA47: 45974 | AB47: 배윤민 | AC47: db5545@dongbangfp.com | AD47: =VLOOKUP(A47,'계산서(25하-천안)'!$X$3:$AI$104,2,FALSE) -> 국고 전액 | AF47: =VLOOKUP(A47,'계산서(25하-천안)'!$X$3:$AI$104,3,FALSE) -> 0 | AG47: =VLOOKUP(A47,'계산서(25하-천안)'!$X$3:$AI$104,4,FALSE) -> 765690 | AI47: =VLOOKUP(A47,'계산서(25하-천안)'!$X$3:$AI$104,2,FALSE) -> 국고 전액 | AJ47: =VLOOKUP(A47,'계산서(25하-천안)'!$X$3:$AI$104,8,FALSE) -> 0 | AK47: =VLOOKUP(A47,'계산서(25하-천안)'!$X$3:$AI$104,9,FALSE) -> 45986 | AL47: =VLOOKUP(A47,'계산서(25하-천안)'!$X$3:$AI$104,10,FALSE) -> 765690 | AM47: =VLOOKUP(A47,'계산서(25하-천안)'!$X$3:$AI$104,12,FALSE) -> 0
A48: H0410 | B48: 2025 | C48: 하반기 | D48: 최초실시, 공정의 수시변경 | E48: 천안 | F48: ="천-"&'25하-천안140'!A48 -> 천-173 | G48: 46 | H48: 39 | I48: 45947 | J48: 45947 | L48: 고유빈 | M48: 천안 | N48: 주식회사 파르이앤씨(PAR E&C Co., LTD) CHA 8FC Ph2 전기공사 | O48: 34 | P48: 8038600460 | Q48: 80386004606 | R48: 김종훈 | T48: 충청남도 천안시 서북구 성환읍 하리2길 64 (도하리) | W48: 한남수 | X48: 소장 | Y48: 010-4807-5087 | Z48: par8205@naver.com | AA48: 45974 | AB48: 배윤민 | AC48: par8204@naver.com | AD48: =VLOOKUP(A48,'계산서(25하-천안)'!$X$3:$AI$104,2,FALSE) -> 45974 | AF48: =VLOOKUP(A48,'계산서(25하-천안)'!$X$3:$AI$104,3,FALSE) -> 800000 | AG48: =VLOOKUP(A48,'계산서(25하-천안)'!$X$3:$AI$104,4,FALSE) -> 0 | AI48: =VLOOKUP(A48,'계산서(25하-천안)'!$X$3:$AI$104,2,FALSE) -> 45974 | AJ48: =VLOOKUP(A48,'계산서(25하-천안)'!$X$3:$AI$104,8,FALSE) -> 800000 | AL48: =VLOOKUP(A48,'계산서(25하-천안)'!$X$3:$AI$104,10,FALSE) -> 0 | AM48: =VLOOKUP(A48,'계산서(25하-천안)'!$X$3:$AI$104,12,FALSE) -> 0
A49: H0344 | B49: 2025 | C49: 하반기 | D49: 공정의 수시변경 | E49: 천안 | F49: ="천-"&'25하-천안140'!A49 -> 천-174 | G49: 47 | H49: 40 | I49: 45950 | J49: 45950 | L49: 이주형 | M49: 원주 | N49: 은성건설주식회사 (주)디에스테크노 문막공장 신축공사 | O49: 80 | P49: 1738600428 | Q49: 17386004286 | R49: 이동준 | T49: 강원특별자치도 원주시 문막읍 문막공단길 202 (반계리) | W49: 김인성 | X49: 부장 | Y49: 010-6515-4438 | Z49: cup0438@eunsungenc.com | AA49: 45978 | AB49: 이주형 | AC49: cup0438@eunsungenc.com | AD49: =VLOOKUP(A49,'계산서(25하-천안)'!$X$3:$AI$104,2,FALSE) -> 45989 | AF49: =VLOOKUP(A49,'계산서(25하-천안)'!$X$3:$AI$104,3,FALSE) -> 1500000 | AG49: =VLOOKUP(A49,'계산서(25하-천안)'!$X$3:$AI$104,4,FALSE) -> 400000 | AI49: =VLOOKUP(A49,'계산서(25하-천안)'!$X$3:$AI$104,2,FALSE) -> 45989 | AJ49: =VLOOKUP(A49,'계산서(25하-천안)'!$X$3:$AI$104,8,FALSE) -> 0 | AL49: =VLOOKUP(A49,'계산서(25하-천안)'!$X$3:$AI$104,10,FALSE) -> 0 | AM49: =VLOOKUP(A49,'계산서(25하-천안)'!$X$3:$AI$104,12,FALSE) -> 0
A50: H0164 | B50: 2025 | C50: 하반기 | E50: 천안 | F50: ="천-"&'25하-천안140'!A50 -> 천-175 | G50: 48 | H50: 40 | I50: 45951 | J50: 45951 | L50: 고유빈 | M50: 천안 | N50: 미래금속 | O50: 3 | P50: 3123024260 | Q50: 31230242600 | R50: 유세란 | T50: 충청남도 천안시 동남구 성남면 신사대화로 387 (대화리) | U50: 041-523-3332 | V50: 041-523-3331 | W50: 유세란 | X50: 대표 | Z50: ysr8018@hanmail.net | AA50: 11월 19일 | AB50: 고유빈 | AC50: ysr8018@hanmail.net | AD50: =VLOOKUP(A50,'계산서(25하-천안)'!$X$3:$AI$104,2,FALSE) -> 국고 전액 | AF50: =VLOOKUP(A50,'계산서(25하-천안)'!$X$3:$AI$104,3,FALSE) -> 0 | AG50: =VLOOKUP(A50,'계산서(25하-천안)'!$X$3:$AI$104,4,FALSE) -> 400000 | AI50: =VLOOKUP(A50,'계산서(25하-천안)'!$X$3:$AI$104,2,FALSE) -> 국고 전액 | AJ50: =VLOOKUP(A50,'계산서(25하-천안)'!$X$3:$AI$104,8,FALSE) -> 0 | AK50: =VLOOKUP(A50,'계산서(25하-천안)'!$X$3:$AI$104,9,FALSE) -> 46006 | AL50: =VLOOKUP(A50,'계산서(25하-천안)'!$X$3:$AI$104,10,FALSE) -> 400000 | AM50: =VLOOKUP(A50,'계산서(25하-천안)'!$X$3:$AI$104,12,FALSE) -> 0
A51: H0352 | B51: 2025 | C51: 하반기 | D51: 공정의 수시변경 | E51: 천안 | F51: ="천-"&'25하-천안140'!A51 -> 천-176 | G51: 49 | H51: 41 | I51: 45952 | J51: 45952 | L51: 고유빈 | M51: 강릉 | N51: (주) 국보디자인 설해원 설해수림 인테리어 공사 C공구 | O51: 16 | P51: 1028122615 | Q51: 10281226156 | R51: 황창연, 김민기 | T51: 강원특별자치도 양양군 손양면 공항로 230 (동호리, 설해원) | W51: 이경진 | X51: 차장 | Y51: 010-5760-6933 | Z51: kyungjin.lee@ikukbo.com | AA51: 45981 | AB51: 강종구 | AC51: kukbo1@ikukbo.com | AD51: =VLOOKUP(A51,'계산서(25하-천안)'!$X$3:$AI$104,2,FALSE) -> 45966 | AF51: =VLOOKUP(A51,'계산서(25하-천안)'!$X$3:$AI$104,3,FALSE) -> 1550000 | AG51: =VLOOKUP(A51,'계산서(25하-천안)'!$X$3:$AI$104,4,FALSE) -> 0 | AI51: =VLOOKUP(A51,'계산서(25하-천안)'!$X$3:$AI$104,2,FALSE) -> 45966 | AJ51: =VLOOKUP(A51,'계산서(25하-천안)'!$X$3:$AI$104,8,FALSE) -> 0 | AK51: =VLOOKUP(A51,'계산서(25하-천안)'!$X$3:$AI$104,9,FALSE) -> 국고 X | AL51: =VLOOKUP(A51,'계산서(25하-천안)'!$X$3:$AI$104,10,FALSE) -> 0 | AM51: =VLOOKUP(A51,'계산서(25하-천안)'!$X$3:$AI$104,12,FALSE) -> 0
A52: H0353 | B52: 2025 | C52: 하반기 | D52: 공정의 수시변경 | E52: 천안 | F52: ="천-"&'25하-천안140'!A52 -> 천-177 | G52: 50 | H52: 42 | I52: 45952 | J52: 45952 | L52: 이주형 | M52: 강릉 | N52: 주식회사 계선 설해원 설해수림 인테리어 공사 - A공구 | O52: 65 | P52: 1308104228 | Q52: 13081042286 | R52: 장윤일 | T52: 강원특별자치도 양양군 손양면 공항로 230 (동호리, 설해원) | W52: 안성웅 | X52: 과장 | Y52: 010-8704-7166 | Z52: ahnsw@kesson.co.kr | AA52: 45981 | AB52: 강종구 | AC52: kesson1@hometax.go.kr | AD52: =VLOOKUP(A52,'계산서(25하-천안)'!$X$3:$AI$104,2,FALSE) -> 45981 | AF52: =VLOOKUP(A52,'계산서(25하-천안)'!$X$3:$AI$104,3,FALSE) -> 3250000 | AG52: =VLOOKUP(A52,'계산서(25하-천안)'!$X$3:$AI$104,4,FALSE) -> 0 | AI52: =VLOOKUP(A52,'계산서(25하-천안)'!$X$3:$AI$104,2,FALSE) -> 45981 | AJ52: =VLOOKUP(A52,'계산서(25하-천안)'!$X$3:$AI$104,8,FALSE) -> 3250000 | AK52: =VLOOKUP(A52,'계산서(25하-천안)'!$X$3:$AI$104,9,FALSE) -> 국고 X | AL52: =VLOOKUP(A52,'계산서(25하-천안)'!$X$3:$AI$104,10,FALSE) -> 0 | AM52: =VLOOKUP(A52,'계산서(25하-천안)'!$X$3:$AI$104,12,FALSE) -> 0
A53: H0354 | B53: 2025 | C53: 하반기 | D53: 공정의 수시변경 | E53: 천안 | F53: ="천-"&'25하-천안140'!A53 -> 천-178 | G53: 51 | H53: 43 | I53: 45952 | J53: 45952 | L53: 강종구 | M53: 강릉 | N53: 주식회사 은민에스엔디 24-3513 설해원 설해수림 인테리어 공사-B공구 | O53: 41 | P53: 2118648229 | Q53: 21186482296 | R53: 이승성 | T53: 강원특별자치도 양양군 손양면 공항로 230 (동호리, 설해원) | W53: 고정욱 | X53: 선임 | Y53: 010-8934-0836 | Z53: rhwjddnr159@eunmin.co.kr | AA53: 45981 | AB53: 강종구 | AC53: rhwjddnr159@eunmin.co.kr | AD53: =VLOOKUP(A53,'계산서(25하-천안)'!$X$3:$AI$104,2,FALSE) -> 45981 | AF53: =VLOOKUP(A53,'계산서(25하-천안)'!$X$3:$AI$104,3,FALSE) -> 2800000 | AG53: =VLOOKUP(A53,'계산서(25하-천안)'!$X$3:$AI$104,4,FALSE) -> 0 | AI53: =VLOOKUP(A53,'계산서(25하-천안)'!$X$3:$AI$104,2,FALSE) -> 45981 | AJ53: =VLOOKUP(A53,'계산서(25하-천안)'!$X$3:$AI$104,8,FALSE) -> 2800000 | AK53: =VLOOKUP(A53,'계산서(25하-천안)'!$X$3:$AI$104,9,FALSE) -> 국고 X | AL53: =VLOOKUP(A53,'계산서(25하-천안)'!$X$3:$AI$104,10,FALSE) -> 0 | AM53: =VLOOKUP(A53,'계산서(25하-천안)'!$X$3:$AI$104,12,FALSE) -> 0
A54: H0162 | B54: 2025 | C54: 하반기 | D54: 소음85이상 | E54: 천안 | F54: ="천-"&'25하-천안140'!A54 -> 천-180 | G54: 53 | H54: 44 | I54: 45957 | J54: 45957 | L54: 고유빈 | M54: 천안 | N54: 주식회사 새아 | O54: 7 | P54: 5608800515 | Q54: 56088005150 | R54: 김다별 | T54: 충청남도 아산시 영인면 월선서길 77-71 (월선리) | U54: 041-541-4517 | V54: 041-542-4517 | W54: 최미선 | X54: 과장 | Y54: 010-9025-3963 | Z54: saea4517@naver.com | AA54: 11월 24일 | AB54: 고유빈 | AC54: saea4517@naver.com | AD54: =VLOOKUP(A54,'계산서(25하-천안)'!$X$3:$AI$104,2,FALSE) -> 국고 전액 | AF54: =VLOOKUP(A54,'계산서(25하-천안)'!$X$3:$AI$104,3,FALSE) -> 0 | AG54: =VLOOKUP(A54,'계산서(25하-천안)'!$X$3:$AI$104,4,FALSE) -> 339430 | AI54: =VLOOKUP(A54,'계산서(25하-천안)'!$X$3:$AI$104,2,FALSE) -> 국고 전액 | AJ54: =VLOOKUP(A54,'계산서(25하-천안)'!$X$3:$AI$104,8,FALSE) -> 0 | AK54: =VLOOKUP(A54,'계산서(25하-천안)'!$X$3:$AI$104,9,FALSE) -> 46006 | AL54: =VLOOKUP(A54,'계산서(25하-천안)'!$X$3:$AI$104,10,FALSE) -> 339430 | AM54: =VLOOKUP(A54,'계산서(25하-천안)'!$X$3:$AI$104,12,FALSE) -> 0
A55: H0363 | B55: 2025 | C55: 하반기 | D55: 고시물질 | E55: 천안 | F55: ="천-"&'25하-천안140'!A55 -> 천-181 | G55: 54 | H55: 45 | I55: 45957 | J55: 45957 | L55: 강종구 | M55: 천안 | N55: 현대휀스개발 (주) 천안공장 | O55: 45 | P55: 1258134604 | Q55: 13385135490 | R55: 김해용 | T55: 충청남도 천안시 서북구 성환읍 와우2길 104 (와룡리) | U55: 031-691-5880 | V55: 031-691-6298 | W55: 서상원 | X55: 대리 | Y55: 010-4506-4599 | Z55: ssw3147@nate.com | AA55: 11월 25일 | AB55: 배윤민 | AC55: ssw3147@nate.com | AD55: =VLOOKUP(A55,'계산서(25하-천안)'!$X$3:$AI$104,2,FALSE) -> 45989 | AF55: =VLOOKUP(A55,'계산서(25하-천안)'!$X$3:$AI$104,3,FALSE) -> 700000 | AG55: =VLOOKUP(A55,'계산서(25하-천안)'!$X$3:$AI$104,4,FALSE) -> 0 | AI55: =VLOOKUP(A55,'계산서(25하-천안)'!$X$3:$AI$104,2,FALSE) -> 45989 | AJ55: =VLOOKUP(A55,'계산서(25하-천안)'!$X$3:$AI$104,8,FALSE) -> 700000 | AK55: =VLOOKUP(A55,'계산서(25하-천안)'!$X$3:$AI$104,9,FALSE) -> 국고 X | AL55: =VLOOKUP(A55,'계산서(25하-천안)'!$X$3:$AI$104,10,FALSE) -> 0 | AM55: =VLOOKUP(A55,'계산서(25하-천안)'!$X$3:$AI$104,12,FALSE) -> 0
A56: H0362 | B56: 2025 | C56: 하반기 | D56: 고시물질 | E56: 천안 | F56: ="천-"&'25하-천안140'!A56 -> 천-182 | G56: 55 | H56: 46 | I56: 45957 | J56: 45957 | L56: 한기문 | M56: 천안 | N56: 더존앤테크 (주) | O56: 25 | P56: 3128183145 | Q56: 31281831450 | R56: 이희연, 김해용 | T56: 충청남도 천안시 서북구 성환읍 와우2길 102 (와룡리) | U56: 041-582-5200 | V56: 041-582-5205 | W56: 서상원 | X56: 대리 | Y56: 010-4506-4599 | Z56: ssw3147@nate.com | AA56: 45987 | AB56: 강종구 | AC56: ssw3147@nate.com | AD56: =VLOOKUP(A56,'계산서(25하-천안)'!$X$3:$AI$104,2,FALSE) -> 45989 | AF56: =VLOOKUP(A56,'계산서(25하-천안)'!$X$3:$AI$104,3,FALSE) -> 400000 | AG56: =VLOOKUP(A56,'계산서(25하-천안)'!$X$3:$AI$104,4,FALSE) -> 400000 | AI56: =VLOOKUP(A56,'계산서(25하-천안)'!$X$3:$AI$104,2,FALSE) -> 45989 | AJ56: =VLOOKUP(A56,'계산서(25하-천안)'!$X$3:$AI$104,8,FALSE) -> 400000 | AK56: =VLOOKUP(A56,'계산서(25하-천안)'!$X$3:$AI$104,9,FALSE) -> 46006 | AL56: =VLOOKUP(A56,'계산서(25하-천안)'!$X$3:$AI$104,10,FALSE) -> 400000 | AM56: =VLOOKUP(A56,'계산서(25하-천안)'!$X$3:$AI$104,12,FALSE) -> 0
A57: H0359 | B57: 2025 | C57: 하반기 | D57: 공정의 수시변경 | E57: 천안 | F57: ="천-"&'25하-천안140'!A57 -> 천-183 | G57: 56 | H57: 47 | I57: 45958 | J57: 45958 | L57: 한기문,배윤민,고유빈 | M57: 천안 | N57: 에이치디씨현대산업개발 주식회사 고속국도 제32호 인주 염치 1공구 | O57: 118 | P57: 3348600815 | Q57: 11481588536 | R57: 최익훈, 조태제, 김회언 | T57: 충청남도 아산시 영인면 신현로 58 (신현리) | U57: 041-549-7580 | V57: 041-549-7581 | W57: 유다은 | X57: 매니저 | Y57: 0101-7734-6601 | Z57: 2807011@hdc-dvp.com | AA57: 45988 | AB57: 한기문 | AC57: R1043cdti@hdc.dooray.com | AD57: =VLOOKUP(A57,'계산서(25하-천안)'!$X$3:$AI$104,2,FALSE) -> 45960 | AF57: =VLOOKUP(A57,'계산서(25하-천안)'!$X$3:$AI$104,3,FALSE) -> 3700000 | AG57: =VLOOKUP(A57,'계산서(25하-천안)'!$X$3:$AI$104,4,FALSE) -> 0 | AI57: =VLOOKUP(A57,'계산서(25하-천안)'!$X$3:$AI$104,2,FALSE) -> 45960 | AJ57: =VLOOKUP(A57,'계산서(25하-천안)'!$X$3:$AI$104,8,FALSE) -> 3700000 | AK57: =VLOOKUP(A57,'계산서(25하-천안)'!$X$3:$AI$104,9,FALSE) -> 국고 X | AL57: =VLOOKUP(A57,'계산서(25하-천안)'!$X$3:$AI$104,10,FALSE) -> 0 | AM57: =VLOOKUP(A57,'계산서(25하-천안)'!$X$3:$AI$104,12,FALSE) -> 0
A58: H0413 | B58: 2025 | C58: 하반기 | D58: 최초실시, 공정의 수시변경 | E58: 천안 | F58: ="천-"&'25하-천안140'!A58 -> 천-184 | G58: 57 | H58: 48 | I58: 45958 | J58: 45958 | L58: 강종구 | M58: 성남 | N58: 남영물류산업 (주) SEN2 FC Fresh Mezzanine 설치 공사 | O58: 20 | P58: 2048171256 | Q58: 91201346717 | R58: 남후식 | T58: 경기도 성남시 분당구 탄천로 257 (야탑동) | W58: 표석원 | X58: 선임 | Y58: 010-8794-8196 | Z58: sukwon@nyhanger.co.kr | AA58: 45986 | AB58: 이주형 | AC58: ny6127@empas.com | AD58: =VLOOKUP(A58,'계산서(25하-천안)'!$X$3:$AI$104,2,FALSE) -> 45986 | AF58: =VLOOKUP(A58,'계산서(25하-천안)'!$X$3:$AI$104,3,FALSE) -> 500000 | AG58: =VLOOKUP(A58,'계산서(25하-천안)'!$X$3:$AI$104,4,FALSE) -> 1000000 | AI58: =VLOOKUP(A58,'계산서(25하-천안)'!$X$3:$AI$104,2,FALSE) -> 45986 | AJ58: =VLOOKUP(A58,'계산서(25하-천안)'!$X$3:$AI$104,8,FALSE) -> 500000 | AK58: =VLOOKUP(A58,'계산서(25하-천안)'!$X$3:$AI$104,9,FALSE) -> 46009 | AL58: =VLOOKUP(A58,'계산서(25하-천안)'!$X$3:$AI$104,10,FALSE) -> 1000000 | AM58: =VLOOKUP(A58,'계산서(25하-천안)'!$X$3:$AI$104,12,FALSE) -> 0
A59: H0414 | B59: 2025 | C59: 하반기 | D59: 최초실시, 공정의 수시변경 | E59: 천안 | F59: ="천-"&'25하-천안140'!A59 -> 천-185 | G59: 58 | H59: 49 | I59: 45958 | J59: 45958 | L59: 이주형 | M59: 성남 | N59: 주식회사 동방방재 SEN2FC 소방설비 설치공사 | O59: 22 | P59: 1358166480 | Q59: 13581664806 | R59: 민경인 | T59: 경기도 성남시 분당구 탄천로 257 (야탑동) | W59: 노상일 | X59: 안전차장 | Y59: 010-5564-3579 | Z59: sang1767@naver.com | AA59: 45986 | AB59: 이주형 | AC59: db5545@dongbangfp.com | AD59: =VLOOKUP(A59,'계산서(25하-천안)'!$X$3:$AI$104,2,FALSE) -> 국고 전액 | AF59: =VLOOKUP(A59,'계산서(25하-천안)'!$X$3:$AI$104,3,FALSE) -> 0 | AG59: =VLOOKUP(A59,'계산서(25하-천안)'!$X$3:$AI$104,4,FALSE) -> 1000000 | AI59: =VLOOKUP(A59,'계산서(25하-천안)'!$X$3:$AI$104,2,FALSE) -> 국고 전액 | AJ59: =VLOOKUP(A59,'계산서(25하-천안)'!$X$3:$AI$104,8,FALSE) -> 0 | AK59: =VLOOKUP(A59,'계산서(25하-천안)'!$X$3:$AI$104,9,FALSE) -> 46009 | AL59: =VLOOKUP(A59,'계산서(25하-천안)'!$X$3:$AI$104,10,FALSE) -> 1000000 | AM59: =VLOOKUP(A59,'계산서(25하-천안)'!$X$3:$AI$104,12,FALSE) -> 0
A60: H0415 | B60: 2025 | C60: 하반기 | D60: 최초실시, 공정의 수시변경 | E60: 천안 | F60: ="천-"&'25하-천안140'!A60 -> 천-186 | G60: 59 | H60: 50 | I60: 45958 | J60: 45958 | L60: 이태환 | M60: 성남 | N60: 주식회사 평산이엔지 SEN2 Fresh FC 전기공사 | O60: 18 | P60: 2148607299 | Q60: 21486072996 | R60: 최문옥 | T60: 경기도 성남시 분당구 탄천로 257 (야탑동) | W60: 김선일 | X60: 부장 | Y60: 010-4460-4029 | Z60: pyungsanchoi@naver.com | AA60: 45986 | AB60: 이주형 | AC60: pyungsanchoi@naver.com | AD60: =VLOOKUP(A60,'계산서(25하-천안)'!$X$3:$AI$104,2,FALSE) -> 국고 전액 | AF60: =VLOOKUP(A60,'계산서(25하-천안)'!$X$3:$AI$104,3,FALSE) -> 0 | AG60: =VLOOKUP(A60,'계산서(25하-천안)'!$X$3:$AI$104,4,FALSE) -> 1000000 | AI60: =VLOOKUP(A60,'계산서(25하-천안)'!$X$3:$AI$104,2,FALSE) -> 국고 전액 | AJ60: =VLOOKUP(A60,'계산서(25하-천안)'!$X$3:$AI$104,8,FALSE) -> 0 | AK60: =VLOOKUP(A60,'계산서(25하-천안)'!$X$3:$AI$104,9,FALSE) -> 46009 | AL60: =VLOOKUP(A60,'계산서(25하-천안)'!$X$3:$AI$104,10,FALSE) -> 1000000 | AM60: =VLOOKUP(A60,'계산서(25하-천안)'!$X$3:$AI$104,12,FALSE) -> 0
A61: H0321 | B61: 2025 | C61: 하반기 | D61: 소음85이상 | E61: 천안 | F61: ="천-"&'25하-천안140'!A61 -> 천-187 | G61: 60 | H61: 51 | I61: 45959 | J61: 45959 | L61: 강종구 | M61: 성남 | N61: 주식회사 푸르내 | O61: 47 | P61: 1268638229 | Q61: 12686382290 | R61: 전인왕 | T61: 경기도 이천시 모가면 진상미로1044번길 83-17 (서경리) | U61: 031-764-9846 | V61: 031-632-6846 | W61: 김은아 | X61: 부장 | Y61: 010-8993-4657 | Z61: kingjj7@hanmail.net | AA61: 45986 | AB61: 강종구 | AC61: kingjj7@hanmail.net | AD61: =VLOOKUP(A61,'계산서(25하-천안)'!$X$3:$AI$104,2,FALSE) -> 45989 | AF61: =VLOOKUP(A61,'계산서(25하-천안)'!$X$3:$AI$104,3,FALSE) -> 400000 | AG61: =VLOOKUP(A61,'계산서(25하-천안)'!$X$3:$AI$104,4,FALSE) -> 400000 | AI61: =VLOOKUP(A61,'계산서(25하-천안)'!$X$3:$AI$104,2,FALSE) -> 45989 | AJ61: =VLOOKUP(A61,'계산서(25하-천안)'!$X$3:$AI$104,8,FALSE) -> 0 | AK61: =VLOOKUP(A61,'계산서(25하-천안)'!$X$3:$AI$104,9,FALSE) -> 46009 | AL61: =VLOOKUP(A61,'계산서(25하-천안)'!$X$3:$AI$104,10,FALSE) -> 400000 | AM61: =VLOOKUP(A61,'계산서(25하-천안)'!$X$3:$AI$104,12,FALSE) -> 0
A62: H0416 | B62: 2025 | C62: 하반기 | D62: 최초실시,공정의 수시변경 | E62: 천안 | F62: ="천-"&'25하-천안140'!A62 -> 천-188 | G62: 61 | H62: 52 | I62: 45960 | J62: 45960 | L62: 이주형 | M62: 천안 | N62: 정우종합건설(주) 천안 스마트그린산단 통합관제센터 수질오염측정기기 토목 기반 | O62: 7 | P62: 2268126936 | Q62: 22681269366 | R62: 한수희 | T62: 충청남도 천안시 서북구 3공단6로 101 (차암동) | W62: 김태형 | X62: 전무이사 | Y62: 010-9402-3007 | Z62: jwoo5769@naver.com | AA62: 45986 | AB62: 이주형 | AC62: 0 | AD62: =VLOOKUP(A62,'계산서(25하-천안)'!$X$3:$AI$104,2,FALSE) -> 국고 전액 | AF62: =VLOOKUP(A62,'계산서(25하-천안)'!$X$3:$AI$104,3,FALSE) -> 0 | AG62: =VLOOKUP(A62,'계산서(25하-천안)'!$X$3:$AI$104,4,FALSE) -> 1000000 | AI62: =VLOOKUP(A62,'계산서(25하-천안)'!$X$3:$AI$104,2,FALSE) -> 국고 전액 | AJ62: =VLOOKUP(A62,'계산서(25하-천안)'!$X$3:$AI$104,8,FALSE) -> 0 | AK62: =VLOOKUP(A62,'계산서(25하-천안)'!$X$3:$AI$104,9,FALSE) -> 46006 | AL62: =VLOOKUP(A62,'계산서(25하-천안)'!$X$3:$AI$104,10,FALSE) -> 1000000 | AM62: =VLOOKUP(A62,'계산서(25하-천안)'!$X$3:$AI$104,12,FALSE) -> 0
A63: H0262 | B63: 2025 | C63: 하반기 | D63: 공정의 수시변경 | E63: 천안 | F63: ="천-"&'25하-천안140'!A63 -> 천-189 | G63: 62 | H63: 53 | I63: 45961 | J63: 45961 | L63: 한기문,이주형,강종구 | M63: 강릉 | N63: (주)마노건설 설해수림 신축공사 | O63: 286 | P63: 2118713085 | Q63: 21187130856 | R63: 정봉휘 | T63: 강원특별자치도 양양군 손양면 공항로 230 (동호리) | W63: 박현규 | X63: 부장 | Y63: 010-3958-0133 | Z63: phg102818@daum.net | AA63: 45988 | AB63: 한기문 | AC63: phg102818@daum.net | AD63: =VLOOKUP(A63,'계산서(25하-천안)'!$X$3:$AI$104,2,FALSE) -> 45961 | AF63: =VLOOKUP(A63,'계산서(25하-천안)'!$X$3:$AI$104,3,FALSE) -> 11400000 | AG63: =VLOOKUP(A63,'계산서(25하-천안)'!$X$3:$AI$104,4,FALSE) -> 0 | AI63: =VLOOKUP(A63,'계산서(25하-천안)'!$X$3:$AI$104,2,FALSE) -> 45961 | AJ63: =VLOOKUP(A63,'계산서(25하-천안)'!$X$3:$AI$104,8,FALSE) -> 11400000 | AK63: =VLOOKUP(A63,'계산서(25하-천안)'!$X$3:$AI$104,9,FALSE) -> 국고 X | AL63: =VLOOKUP(A63,'계산서(25하-천안)'!$X$3:$AI$104,10,FALSE) -> 0 | AM63: =VLOOKUP(A63,'계산서(25하-천안)'!$X$3:$AI$104,12,FALSE) -> 0
A64: H0417 | B64: 2025 | C64: 하반기 | D64: 최초실시, 소음85이상 | E64: 천안 | F64: ="천-"&'25하-천안140'!A64 -> 천-190 | G64: 63 | H64: 54 | I64: 45964 | J64: 45964 | L64: 이주형 | M64: 천안 | N64: 금성철강 주식회사 천안지점 | O64: 17 | P64: 2148863000 | Q64: 21488630000 | R64: 최영식 | T64: 충청남도 천안시 동남구 성남면 석곡3길 77-36 (석곡리) | U64: 041-553-9956 | V64: 041-553-9957 | W64: 이용흠 | X64: 과장 | Y64: 010-5357-9203 | Z64: kss005300@hanmail.net | AA64: 45993 | AB64: 이주형 | AC64: KSSTEELS@hometax.go.kr | AD64: =VLOOKUP(A64,'계산서(25하-천안)'!$X$3:$AI$104,2,FALSE) -> 45994 | AF64: =VLOOKUP(A64,'계산서(25하-천안)'!$X$3:$AI$104,3,FALSE) -> 850000 | AG64: =VLOOKUP(A64,'계산서(25하-천안)'!$X$3:$AI$104,4,FALSE) -> 0 | AI64: =VLOOKUP(A64,'계산서(25하-천안)'!$X$3:$AI$104,2,FALSE) -> 45994 | AJ64: =VLOOKUP(A64,'계산서(25하-천안)'!$X$3:$AI$104,8,FALSE) -> 850000 | AK64: =VLOOKUP(A64,'계산서(25하-천안)'!$X$3:$AI$104,9,FALSE) -> 국고 X | AL64: =VLOOKUP(A64,'계산서(25하-천안)'!$X$3:$AI$104,10,FALSE) -> 0 | AM64: =VLOOKUP(A64,'계산서(25하-천안)'!$X$3:$AI$104,12,FALSE) -> 0
A65: H0289 | B65: 2025 | C65: 하반기 | E65: 천안 | F65: ="천-"&'25하-천안140'!A65 -> 천-191 | G65: 64 | H65: 55 | I65: 45965 | J65: 45965 | L65: 강종구 | M65: 천안 | N65: 히어로테크주식회사 | O65: 12 | P65: 6488102740 | Q65: 64881027400 | R65: 양권철 | T65: 충청남도 천안시 서북구 직산읍 신갈1길 53-12 (신갈리) | U65: 041-415-1244 | W65: 양승진 | X65: 이사 | Y65: 010-7271-9343 | Z65: tssales2023@daum.net | AA65: 45988 | AB65: 강종구 | AC65: xldptm4541@daum.net | AD65: =VLOOKUP(A65,'계산서(25하-천안)'!$X$3:$AI$104,2,FALSE) -> 45989 | AF65: =VLOOKUP(A65,'계산서(25하-천안)'!$X$3:$AI$104,3,FALSE) -> 300000 | AG65: =VLOOKUP(A65,'계산서(25하-천안)'!$X$3:$AI$104,4,FALSE) -> 400000 | AI65: =VLOOKUP(A65,'계산서(25하-천안)'!$X$3:$AI$104,2,FALSE) -> 45989 | AJ65: =VLOOKUP(A65,'계산서(25하-천안)'!$X$3:$AI$104,8,FALSE) -> 300000 | AK65: =VLOOKUP(A65,'계산서(25하-천안)'!$X$3:$AI$104,9,FALSE) -> 46006 | AL65: =VLOOKUP(A65,'계산서(25하-천안)'!$X$3:$AI$104,10,FALSE) -> 400000 | AM65: =VLOOKUP(A65,'계산서(25하-천안)'!$X$3:$AI$104,12,FALSE) -> 0
A66: H0305 | B66: 2025 | C66: 하반기 | D66: 공정의 수시변경 | E66: 천안 | F66: ="천-"&'25하-천안140'!A66 -> 천-192 | G66: 65 | H66: 56 | I66: 45965 | J66: 45965 | L66: 고유빈 | M66: 천안 | N66: 동우건설 주식회사 천안 제2산업단지 재생사업 | O66: 26 | P66: 3128118552 | Q66: 31281185526 | R66: 김민환 | T66: 충청남도 천안시 서북구 2공단6길 18 (차암동) | U66: 041-543-9595 | V66: 0507-0319-4357 | W66: 김태준 | X66: 안전팀장 | Y66: 010-4307-0669 | Z66: kimxowns104@naver.com | AA66: 12월 2일 | AB66: 고유빈 | AC66: thewin82@naver.com dwcc1563@hanmail.net kimxowns104@naver.com | AD66: =VLOOKUP(A66,'계산서(25하-천안)'!$X$3:$AI$104,2,FALSE) -> 10월 27일 10월 31일 | AF66: =VLOOKUP(A66,'계산서(25하-천안)'!$X$3:$AI$104,3,FALSE) -> 900000 | AG66: =VLOOKUP(A66,'계산서(25하-천안)'!$X$3:$AI$104,4,FALSE) -> 400000 | AI66: =VLOOKUP(A66,'계산서(25하-천안)'!$X$3:$AI$104,2,FALSE) -> 10월 27일 10월 31일 | AJ66: =VLOOKUP(A66,'계산서(25하-천안)'!$X$3:$AI$104,8,FALSE) -> 300000 | AK66: =VLOOKUP(A66,'계산서(25하-천안)'!$X$3:$AI$104,9,FALSE) -> 46006 | AL66: =VLOOKUP(A66,'계산서(25하-천안)'!$X$3:$AI$104,10,FALSE) -> 400000 | AM66: =VLOOKUP(A66,'계산서(25하-천안)'!$X$3:$AI$104,12,FALSE) -> 10/27 제이에스건설산업(주) 60만원 선발행 10/31 동우건설 주식회사 30만원 선발행
A67: H0345 | B67: 2025 | C67: 하반기 | D67: 소음85이상 | E67: 천안 | F67: ="천-"&'25하-천안140'!A67 -> 천-193 | G67: 66 | H67: 57 | I67: 45965 | J67: 45965 | L67: 이주형 | M67: 천안 | N67: 주식회사 소울네이처푸드 | O67: 45 | P67: 1268663320 | Q67: 91303758101 | R67: 김병기 | T67: 충청남도 천안시 동남구 성남면 석곡2길 80 (석곡리) | U67: 070-4800-1955 | V67: 070-8677-2777 | W67: 이혜나 | Y67: 010-6220-1411 | Z67: tax@soulnaturefood.com | AA67: 45993 | AB67: 이주형 | AC67: tax@soulnaturefood.com | AD67: =VLOOKUP(A67,'계산서(25하-천안)'!$X$3:$AI$104,2,FALSE) -> 45994 | AF67: =VLOOKUP(A67,'계산서(25하-천안)'!$X$3:$AI$104,3,FALSE) -> 1000000 | AG67: =VLOOKUP(A67,'계산서(25하-천안)'!$X$3:$AI$104,4,FALSE) -> 0 | AI67: =VLOOKUP(A67,'계산서(25하-천안)'!$X$3:$AI$104,2,FALSE) -> 45994 | AJ67: =VLOOKUP(A67,'계산서(25하-천안)'!$X$3:$AI$104,8,FALSE) -> 1000000 | AK67: =VLOOKUP(A67,'계산서(25하-천안)'!$X$3:$AI$104,9,FALSE) -> 국고 X | AL67: =VLOOKUP(A67,'계산서(25하-천안)'!$X$3:$AI$104,10,FALSE) -> 0 | AM67: =VLOOKUP(A67,'계산서(25하-천안)'!$X$3:$AI$104,12,FALSE) -> 0
A68: H0169 | B68: 2025 | C68: 하반기 | D68: 소음85이상 | E68: 천안 | F68: ="천-"&'25하-천안140'!A68 -> 천-194 | G68: 67 | H68: 58 | I68: 45966 | J68: 45966 | L68: 강종구, 배윤민 | M68: 천안 | N68: 선진정공(주) | O68: 139 | P68: 3128525589 | Q68: 31285255890 | R68: 박성수, 박현진 | T68: 충청남도 천안시 동남구 성남면 신사운전길 199 (신사리) | U68: 041-553-1800 | V68: 041-553-2112 | W68: 이상무 | X68: 차장 | Y68: 010-2674-8978 | Z68: tryagainlee@sunjin21.co.kr | AA68: 12월 03일 | AB68: 배윤민 | AC68: tryagainlee@sunjin21.co.kr | AD68: =VLOOKUP(A68,'계산서(25하-천안)'!$X$3:$AI$104,2,FALSE) -> 45966 | AF68: =VLOOKUP(A68,'계산서(25하-천안)'!$X$3:$AI$104,3,FALSE) -> 3500000 | AG68: =VLOOKUP(A68,'계산서(25하-천안)'!$X$3:$AI$104,4,FALSE) -> 0 | AI68: =VLOOKUP(A68,'계산서(25하-천안)'!$X$3:$AI$104,2,FALSE) -> 45966 | AJ68: =VLOOKUP(A68,'계산서(25하-천안)'!$X$3:$AI$104,8,FALSE) -> 3500000 | AK68: =VLOOKUP(A68,'계산서(25하-천안)'!$X$3:$AI$104,9,FALSE) -> 국고 X | AL68: =VLOOKUP(A68,'계산서(25하-천안)'!$X$3:$AI$104,10,FALSE) -> 0 | AM68: =VLOOKUP(A68,'계산서(25하-천안)'!$X$3:$AI$104,12,FALSE) -> 0
A69: H0367 | B69: 2025 | C69: 하반기 | D69: 공정의 수시변경 | E69: 천안 | F69: ="천-"&'25하-천안140'!A69 -> 천-195 | G69: 68 | H69: 59 | I69: 45968 | J69: 45968 | L69: 강종구 | M69: 천안 | N69: 범일건설(주) 휴먼마이크로바이옴 상용화센터 신축공사 | O69: 58 | P69: 2148678417 | Q69: 21486784176 | R69: 백종탁 | T69: 충청남도 아산시 배방읍 이순신대로 813-26 (장재리) | W69: 이영근 | X69: 안전관리자 | Y69: 010-8784-8397 | Z69: bumil13@hanmail.net | AA69: 45987 | AB69: 강종구 | AC69: bumil13@hanmail.net | AD69: =VLOOKUP(A69,'계산서(25하-천안)'!$X$3:$AI$104,2,FALSE) -> 45986 | AF69: =VLOOKUP(A69,'계산서(25하-천안)'!$X$3:$AI$104,3,FALSE) -> 2000000 | AG69: =VLOOKUP(A69,'계산서(25하-천안)'!$X$3:$AI$104,4,FALSE) -> 0 | AI69: =VLOOKUP(A69,'계산서(25하-천안)'!$X$3:$AI$104,2,FALSE) -> 45986 | AJ69: =VLOOKUP(A69,'계산서(25하-천안)'!$X$3:$AI$104,8,FALSE) -> 2000000 | AK69: =VLOOKUP(A69,'계산서(25하-천안)'!$X$3:$AI$104,9,FALSE) -> 국고 X | AL69: =VLOOKUP(A69,'계산서(25하-천안)'!$X$3:$AI$104,10,FALSE) -> 0 | AM69: =VLOOKUP(A69,'계산서(25하-천안)'!$X$3:$AI$104,12,FALSE) -> 0
A70: H0325 | B70: 2025 | C70: 하반기 | D70: 고시물질 | E70: 천안 | F70: ="천-"&'25하-천안140'!A70 -> 천-196 | G70: 69 | H70: 60 | I70: 45971 | J70: 45971 | L70: 이주형 | M70: 천안 | N70: 천안다나힐병원 | O70: 69 | P70: 2161021273 | Q70: 21610212730 | R70: 김용준 | T70: 충청남도 천안시 동남구 터미널3길 5 (신부동) | U70: 041-562-7000 | V70: 041-562-7024 | W70: 구성모 | X70: 원무과장 | Y70: 010-5671-5111 | Z70: blueblizzard@naver.com | AA70: 45993 | AB70: 이주형 | AC70: danaheal2021@naver.com | AD70: =VLOOKUP(A70,'계산서(25하-천안)'!$X$3:$AI$104,2,FALSE) -> 45994 | AF70: =VLOOKUP(A70,'계산서(25하-천안)'!$X$3:$AI$104,3,FALSE) -> 800000 | AG70: =VLOOKUP(A70,'계산서(25하-천안)'!$X$3:$AI$104,4,FALSE) -> 0 | AI70: =VLOOKUP(A70,'계산서(25하-천안)'!$X$3:$AI$104,2,FALSE) -> 45994 | AJ70: =VLOOKUP(A70,'계산서(25하-천안)'!$X$3:$AI$104,8,FALSE) -> 0 | AK70: =VLOOKUP(A70,'계산서(25하-천안)'!$X$3:$AI$104,9,FALSE) -> 국고 X | AL70: =VLOOKUP(A70,'계산서(25하-천안)'!$X$3:$AI$104,10,FALSE) -> 0 | AM70: =VLOOKUP(A70,'계산서(25하-천안)'!$X$3:$AI$104,12,FALSE) -> 0
A71: H0351 | B71: 2025 | C71: 하반기 | E71: 천안 | F71: ="천-"&'25하-천안140'!A71 -> 천-197 | G71: 70 | H71: 61 | I71: 45971 | J71: 45971 | L71: 고유빈 | M71: 천안 | N71: 바쿠우스 주식회사 | O71: 8 | P71: 8428701893 | Q71: 84287018930 | R71: 오세민 | T71: 충청남도 천안시 동남구 풍세면 하도1길 55-41 (용정리) | W71: 이명규 | X71: 차장 | Y71: 010-4708-4028 | Z71: v4we11@naver.com | AA71: 12월 8일 | AB71: 고유빈 | AC71: v4we11@naver.com | AD71: =VLOOKUP(A71,'계산서(25하-천안)'!$X$3:$AI$104,2,FALSE) -> 46001 | AF71: =VLOOKUP(A71,'계산서(25하-천안)'!$X$3:$AI$104,3,FALSE) -> 600000 | AG71: =VLOOKUP(A71,'계산서(25하-천안)'!$X$3:$AI$104,4,FALSE) -> 400000 | AI71: =VLOOKUP(A71,'계산서(25하-천안)'!$X$3:$AI$104,2,FALSE) -> 46001 | AJ71: =VLOOKUP(A71,'계산서(25하-천안)'!$X$3:$AI$104,8,FALSE) -> 600000 | AK71: =VLOOKUP(A71,'계산서(25하-천안)'!$X$3:$AI$104,9,FALSE) -> 46006 | AL71: =VLOOKUP(A71,'계산서(25하-천안)'!$X$3:$AI$104,10,FALSE) -> 400000 | AM71: =VLOOKUP(A71,'계산서(25하-천안)'!$X$3:$AI$104,12,FALSE) -> 0
A72: H0179 | B72: 2025 | C72: 하반기 | D72: 공정의 수시변경, 고시물질 | E72: 천안 | F72: ="천-"&'25하-천안140'!A72 -> 천-198 | G72: 71 | H72: 62 | I72: 45973 | J72: 45973 | L72: 이주형,배윤민,고유빈 | M72: 보령 | N72: 에이치디현대삼호 주식회사 보령발전본부 저탄장 옥내화 건설사업 | O72: 340 | P72: 4118119799 | Q72: 41181197996 | R72: 김재을 | T72: 충청남도 보령시 오천면 오천해안로 89-37 (오포리) | W72: 김수빈 | X72: 보건관리자 | Y72: 010-4802-6295 | Z72: o001737@hshi.co.kr | AA72: 46001 | AB72: 이주형 | AC72: o001737@hshi.co.kr(현대삼호) psh@tongyanginc.co.kr(동양건설) | AD72: =VLOOKUP(A72,'계산서(25하-천안)'!$X$3:$AI$104,2,FALSE) -> 46001 | AF72: =VLOOKUP(A72,'계산서(25하-천안)'!$X$3:$AI$104,3,FALSE) -> 9800000 | AG72: =VLOOKUP(A72,'계산서(25하-천안)'!$X$3:$AI$104,4,FALSE) -> 0 | AI72: =VLOOKUP(A72,'계산서(25하-천안)'!$X$3:$AI$104,2,FALSE) -> 46001 | AJ72: =VLOOKUP(A72,'계산서(25하-천안)'!$X$3:$AI$104,8,FALSE) -> 8200000 | AK72: =VLOOKUP(A72,'계산서(25하-천안)'!$X$3:$AI$104,9,FALSE) -> 국고 X | AL72: =VLOOKUP(A72,'계산서(25하-천안)'!$X$3:$AI$104,10,FALSE) -> 0 | AM72: =VLOOKUP(A72,'계산서(25하-천안)'!$X$3:$AI$104,12,FALSE) -> 현대삼호: 820만원 (주)동양: 160만원
A73: H0186 | B73: 2025 | C73: 하반기 | D73: 고시물질 | E73: 천안 | F73: ="천-"&'25하-천안140'!A73 -> 천-199 | G73: 72 | H73: 63 | I73: 45974 | J73: 45974 | L73: 이주형,고유빈 | M73: 서울 | N73: 의료법인 삼광의료재단 | O73: 340 | P73: 2048203788 | Q73: 20482037880 | R73: 황태국 | T73: 서울특별시 서초구 바우뫼로41길 57 (양재동, 삼광빌딩) | U73: 02-3497-5734 | V73: 02-3497-5747 | W73: 김란은 | X73: 대리 | Y73: 010-9865-0930 | Z73: rekim@smlab.co.kr | AA73: 46002 | AB73: 이주형 | AC73: rekim@smlab.co.kr | AD73: =VLOOKUP(A73,'계산서(25하-천안)'!$X$3:$AI$104,2,FALSE) -> 46002 | AF73: =VLOOKUP(A73,'계산서(25하-천안)'!$X$3:$AI$104,3,FALSE) -> 4900000 | AG73: =VLOOKUP(A73,'계산서(25하-천안)'!$X$3:$AI$104,4,FALSE) -> 0 | AI73: =VLOOKUP(A73,'계산서(25하-천안)'!$X$3:$AI$104,2,FALSE) -> 46002 | AJ73: =VLOOKUP(A73,'계산서(25하-천안)'!$X$3:$AI$104,8,FALSE) -> 0 | AK73: =VLOOKUP(A73,'계산서(25하-천안)'!$X$3:$AI$104,9,FALSE) -> 국고 X | AL73: =VLOOKUP(A73,'계산서(25하-천안)'!$X$3:$AI$104,10,FALSE) -> 0 | AM73: =VLOOKUP(A73,'계산서(25하-천안)'!$X$3:$AI$104,12,FALSE) -> 0
A74: H0278 | B74: 2025 | C74: 하반기 | D74: 고시물질 | E74: 천안 | F74: ="천-"&'25하-천안140'!A74 -> 천-200 | G74: 73 | H74: 64 | I74: 45974 | J74: 45974 | L74: 강종구,배윤민 | M74: 천안 | N74: 주식회사 경동폴리움 | O74: 240 | P74: 1838602229 | Q74: 18386022290 | R74: 장희철 | T74: 충청남도 아산시 영인면 아산호로 331 (백석포리) | U74: 041-539-8116 | V74: 041-543-8119 | W74: 임상윤 | X74: 매니저 | Y74: 010-9734-5108 | Z74: sju04093@kdiwin.com | AA74: 12월 11일 | AB74: 배윤민 | AC74: sju04093@kdiwin.com | AD74: =VLOOKUP(A74,'계산서(25하-천안)'!$X$3:$AI$104,2,FALSE) -> 46013 | AF74: =VLOOKUP(A74,'계산서(25하-천안)'!$X$3:$AI$104,3,FALSE) -> 3000000 | AG74: =VLOOKUP(A74,'계산서(25하-천안)'!$X$3:$AI$104,4,FALSE) -> 0 | AI74: =VLOOKUP(A74,'계산서(25하-천안)'!$X$3:$AI$104,2,FALSE) -> 46013 | AJ74: =VLOOKUP(A74,'계산서(25하-천안)'!$X$3:$AI$104,8,FALSE) -> 0 | AK74: =VLOOKUP(A74,'계산서(25하-천안)'!$X$3:$AI$104,9,FALSE) -> 국고 X | AL74: =VLOOKUP(A74,'계산서(25하-천안)'!$X$3:$AI$104,10,FALSE) -> 0 | AM74: =VLOOKUP(A74,'계산서(25하-천안)'!$X$3:$AI$104,12,FALSE) -> 0
A75: H0268 | B75: 2025 | C75: 하반기 | D75: 고시물질, 소음85이상 | E75: 천안 | F75: ="천-"&'25하-천안140'!A75 -> 천-201 | G75: 74 | H75: 65 | I75: 45979 | J75: 45980 | L75: 강종구,이주형,배윤민,고유빈 | M75: 천안 | N75: 주식회사 휴스틸 | O75: 340 | P75: 1078111563 | Q75: 10781115630 | R75: 박훈, 윤형원 | T75: 충청남도 당진시 송악읍 부곡공단로 131 (부곡리, 휴스틸) | U75: 041-350-8091 | V75: 041-357-4627 | W75: 안경서 | X75: 사원 | Y75: 010-4125-2046 | Z75: rudtj2046@husteel.com | AA75: 46009 | AB75: 강종구 | AC75: rudtj2046@husteel.com | AD75: =VLOOKUP(A75,'계산서(25하-천안)'!$X$3:$AI$104,2,FALSE) -> 46013 | AF75: =VLOOKUP(A75,'계산서(25하-천안)'!$X$3:$AI$104,3,FALSE) -> 9000000 | AG75: =VLOOKUP(A75,'계산서(25하-천안)'!$X$3:$AI$104,4,FALSE) -> 0 | AI75: =VLOOKUP(A75,'계산서(25하-천안)'!$X$3:$AI$104,2,FALSE) -> 46013 | AJ75: =VLOOKUP(A75,'계산서(25하-천안)'!$X$3:$AI$104,8,FALSE) -> 0 | AL75: =VLOOKUP(A75,'계산서(25하-천안)'!$X$3:$AI$104,10,FALSE) -> 0 | AM75: =VLOOKUP(A75,'계산서(25하-천안)'!$X$3:$AI$104,12,FALSE) -> 0
A76: H0284 | B76: 2025 | C76: 하반기 | D76: 신규공정 | E76: 천안 | F76: ="천-"&'25하-천안140'!A76 -> 천-202 | G76: 75 | H76: 66 | I76: 45980 | J76: 45980 | L76: 이주형 | M76: 천안 | N76: 정안레미콘아스콘 주식회사 | O76: 10 | P76: 7478602912 | Q76: 74786029120 | R76: 엄윤미, 안재혁 | T76: 충청남도 천안시 동남구 광덕면 대평교길 48 (대평리) | U76: 041-554-9494 | V76: 041-553-7999 | W76: 이현래 | X76: 이사 | Y76: 010-3749-7517 | Z76: wjddks9494@naver.com | AA76: 46007 | AB76: 이주형 | AC76: wjddks9494@naver.com | AD76: =VLOOKUP(A76,'계산서(25하-천안)'!$X$3:$AI$104,2,FALSE) -> 46007 | AF76: =VLOOKUP(A76,'계산서(25하-천안)'!$X$3:$AI$104,3,FALSE) -> 100000 | AG76: =VLOOKUP(A76,'계산서(25하-천안)'!$X$3:$AI$104,4,FALSE) -> 400000 | AI76: =VLOOKUP(A76,'계산서(25하-천안)'!$X$3:$AI$104,2,FALSE) -> 46007 | AJ76: =VLOOKUP(A76,'계산서(25하-천안)'!$X$3:$AI$104,8,FALSE) -> 0 | AK76: =VLOOKUP(A76,'계산서(25하-천안)'!$X$3:$AI$104,9,FALSE) -> 국고 X | AL76: =VLOOKUP(A76,'계산서(25하-천안)'!$X$3:$AI$104,10,FALSE) -> 0 | AM76: =VLOOKUP(A76,'계산서(25하-천안)'!$X$3:$AI$104,12,FALSE) -> 0
A77: H0349 | B77: 2025 | C77: 하반기 | D77: 고시물질 | E77: 천안 | F77: ="천-"&'25하-천안140'!A77 -> 천-203 | G77: 76 | H77: 67 | I77: 45981 | J77: 45981 | L77: 이주형 | M77: 성남 | N77: 주식회사 에스케이팩 | O77: 46 | P77: 4558100330 | Q77: 45581003300 | R77: 이익희 | T77: 경기도 광주시 초월읍 현산로361번길 13-8 (지월리) | U77: 031-763-8899 | V77: 031-763-8060 | W77: 박준수 | X77: 차장 | Y77: 010-9989-8913 | Z77: sk@skpack.co.kr | AA77: 46007 | AB77: 이주형 | AC77: webmaster@skpack.co.kr | AD77: =VLOOKUP(A77,'계산서(25하-천안)'!$X$3:$AI$104,2,FALSE) -> 46007 | AF77: =VLOOKUP(A77,'계산서(25하-천안)'!$X$3:$AI$104,3,FALSE) -> 2900000 | AG77: =VLOOKUP(A77,'계산서(25하-천안)'!$X$3:$AI$104,4,FALSE) -> 400000 | AI77: =VLOOKUP(A77,'계산서(25하-천안)'!$X$3:$AI$104,2,FALSE) -> 46007 | AJ77: =VLOOKUP(A77,'계산서(25하-천안)'!$X$3:$AI$104,8,FALSE) -> 2900000 | AL77: =VLOOKUP(A77,'계산서(25하-천안)'!$X$3:$AI$104,10,FALSE) -> 0 | AM77: =VLOOKUP(A77,'계산서(25하-천안)'!$X$3:$AI$104,12,FALSE) -> 0
A78: H0295 | B78: 2025 | C78: 하반기 | D78: 공정의 수시변경 | E78: 천안 | F78: ="천-"&'25하-천안140'!A78 -> 천-204 | G78: 77 | H78: 68 | I78: 45982 | J78: 45982 | L78: 한기문, 배윤민, 고유빈 | M78: 천안 | N78: 지에스건설(주) 아산자이그랜드파크1BL | O78: 217 | P78: 1048118121 | Q78: 10481181216 | R78: 허윤홍, 허창수 | T78: 충청남도 아산시 용화동 126-41 | W78: 임일환 | Y78: 010-5587-3865 | Z78: cjsvnd03@gsenc.com | AA78: 46002 | AB78: 한기문 | AC78: cjsvnd03@gsenc.com | AD78: =VLOOKUP(A78,'계산서(25하-천안)'!$X$3:$AI$104,2,FALSE) -> 46002 | AF78: =VLOOKUP(A78,'계산서(25하-천안)'!$X$3:$AI$104,3,FALSE) -> 5600000 | AG78: =VLOOKUP(A78,'계산서(25하-천안)'!$X$3:$AI$104,4,FALSE) -> 0 | AI78: =VLOOKUP(A78,'계산서(25하-천안)'!$X$3:$AI$104,2,FALSE) -> 46002 | AJ78: =VLOOKUP(A78,'계산서(25하-천안)'!$X$3:$AI$104,8,FALSE) -> 0 | AK78: =VLOOKUP(A78,'계산서(25하-천안)'!$X$3:$AI$104,9,FALSE) -> 국고 X | AL78: =VLOOKUP(A78,'계산서(25하-천안)'!$X$3:$AI$104,10,FALSE) -> 0 | AM78: =VLOOKUP(A78,'계산서(25하-천안)'!$X$3:$AI$104,12,FALSE) -> 0
A79: H0217 | B79: 2025 | C79: 하반기 | D79: 신규공정, 고시물질 | E79: 천안 | F79: ="천-"&'25하-천안140'!A79 -> 천-205 | G79: 78 | H79: 69 | I79: 45985 | J79: 45986 | L79: 강종구, 배윤민, 고유빈 | M79: 천안 | N79: (주)경동원 아산공장 | O79: 223 | P79: 2208113641 | Q79: 90700621181 | R79: 김종욱 | T79: 충청남도 아산시 영인면 아산호로 331 (백석포리) | U79: 041-539-8181 | V79: 041-543-8119 | W79: 임상윤 | X79: 매니저 | Y79: 010-9734-5108 | Z79: sju04093@kdiwin.com | AA79: 46014 | AB79: 강종구 | AC79: sju04093@kdiwin.com | AD79: =VLOOKUP(A79,'계산서(25하-천안)'!$X$3:$AI$104,2,FALSE) -> 46013 | AF79: =VLOOKUP(A79,'계산서(25하-천안)'!$X$3:$AI$104,3,FALSE) -> 7500000 | AG79: =VLOOKUP(A79,'계산서(25하-천안)'!$X$3:$AI$104,4,FALSE) -> 0 | AI79: =VLOOKUP(A79,'계산서(25하-천안)'!$X$3:$AI$104,2,FALSE) -> 46013 | AJ79: =VLOOKUP(A79,'계산서(25하-천안)'!$X$3:$AI$104,8,FALSE) -> 0 | AK79: =VLOOKUP(A79,'계산서(25하-천안)'!$X$3:$AI$104,9,FALSE) -> 국고 X | AL79: =VLOOKUP(A79,'계산서(25하-천안)'!$X$3:$AI$104,10,FALSE) -> 0 | AM79: =VLOOKUP(A79,'계산서(25하-천안)'!$X$3:$AI$104,12,FALSE) -> 0
A80: H0221 | B80: 2025 | C80: 하반기 | D80: 신규공정, 고시물질 | E80: 천안 | F80: ="천-"&'25하-천안140'!A80 -> 천-206 | G80: 79 | H80: 70 | I80: 45986 | J80: 45992 | L80: 한기문 | M80: 천안 | N80: 신성대학교 산학협력단 | O80: 22 | P80: 3118204843 | Q80: 31182048430 | R80: 이수근 | T80: 충청남도 당진시 정미면 대학로 1 (덕마리, 신성대학교) | U80: 041-350-1082 | V80: 041-350-1085 | W80: 성백전 | Y80: 010-4485-7082 | Z80: backjeon@shinsung.ac.kr | AA80: 46013 | AB80: 한기문 | AC80: backjeon@shinsung.ac.kr 계산서는 신성대학교(311-82-03091) | AD80: =VLOOKUP(A80,'계산서(25하-천안)'!$X$3:$AI$104,2,FALSE) -> 46015 | AF80: =VLOOKUP(A80,'계산서(25하-천안)'!$X$3:$AI$104,3,FALSE) -> 2600000 | AG80: =VLOOKUP(A80,'계산서(25하-천안)'!$X$3:$AI$104,4,FALSE) -> 400000 | AI80: =VLOOKUP(A80,'계산서(25하-천안)'!$X$3:$AI$104,2,FALSE) -> 46015 | AJ80: =VLOOKUP(A80,'계산서(25하-천안)'!$X$3:$AI$104,8,FALSE) -> 0 | AL80: =VLOOKUP(A80,'계산서(25하-천안)'!$X$3:$AI$104,10,FALSE) -> 0 | AM80: =VLOOKUP(A80,'계산서(25하-천안)'!$X$3:$AI$104,12,FALSE) -> 0
A81: H0246 | B81: 2025 | C81: 하반기 | D81: 고시물질 | E81: 천안 | F81: ="천-"&'25하-천안140'!A81 -> 천-207 | G81: 80 | H81: 70 | I81: 45986 | J81: 45986 | L81: 이주형 | M81: 천안 | N81: 천공엔지니어링 주식회사 | O81: 3 | P81: 3128609757 | Q81: 31286097570 | R81: 김방재 | T81: 충청남도 천안시 동남구 풍세면 미죽1길 63 (미죽리) | U81: 041-571-0951 | V81: 041-571-0952 | W81: 김방재 | X81: 대표 | Y81: 010-6422-8906 | Z81: ck8906@hanmail.net | AA81: 46007 | AB81: 이주형 | AC81: ck8906@hanmail.net | AD81: =VLOOKUP(A81,'계산서(25하-천안)'!$X$3:$AI$104,2,FALSE) -> 국고 전액 | AF81: =VLOOKUP(A81,'계산서(25하-천안)'!$X$3:$AI$104,3,FALSE) -> 0 | AG81: =VLOOKUP(A81,'계산서(25하-천안)'!$X$3:$AI$104,4,FALSE) -> 400000 | AI81: =VLOOKUP(A81,'계산서(25하-천안)'!$X$3:$AI$104,2,FALSE) -> 국고 전액 | AJ81: =VLOOKUP(A81,'계산서(25하-천안)'!$X$3:$AI$104,8,FALSE) -> 0 | AL81: =VLOOKUP(A81,'계산서(25하-천안)'!$X$3:$AI$104,10,FALSE) -> 0 | AM81: =VLOOKUP(A81,'계산서(25하-천안)'!$X$3:$AI$104,12,FALSE) -> 0
A82: H0231 | B82: 2025 | C82: 하반기 | D82: 공정의 수시변경 | E82: 천안 | F82: ="천-"&'25하-천안140'!A82 -> 천-208 | G82: 81 | H82: 71 | I82: 45987 | J82: 45992 | L82: 이주형, 배윤민, 고유빈, 강종구 | M82: 서울서부 | N82: 롯데건설(주)이촌현대아파트 리모델링현장 | O82: 750 | P82: 1148116377 | Q82: 11481163776 | R82: 박현철 | T82: 서울특별시 용산구 이촌로 303 (이촌동, 현대아파트) | U82: 02-798-8646 | V82: 02-798-8647 | W82: 이하니 | X82: 대리 | Y82: 010-5065-7922 | Z82: caibe@naver.com | AA82: 46021 | AB82: 이주형 | AC82: caibe@naver.com | AD82: =VLOOKUP(A82,'계산서(25하-천안)'!$X$3:$AI$104,2,FALSE) -> 0 | AF82: =VLOOKUP(A82,'계산서(25하-천안)'!$X$3:$AI$104,3,FALSE) -> 15000000 | AG82: =VLOOKUP(A82,'계산서(25하-천안)'!$X$3:$AI$104,4,FALSE) -> 0 | AI82: =VLOOKUP(A82,'계산서(25하-천안)'!$X$3:$AI$104,2,FALSE) -> 0 | AJ82: =VLOOKUP(A82,'계산서(25하-천안)'!$X$3:$AI$104,8,FALSE) -> 0 | AK82: =VLOOKUP(A82,'계산서(25하-천안)'!$X$3:$AI$104,9,FALSE) -> 국고 X | AL82: =VLOOKUP(A82,'계산서(25하-천안)'!$X$3:$AI$104,10,FALSE) -> 0 | AM82: =VLOOKUP(A82,'계산서(25하-천안)'!$X$3:$AI$104,12,FALSE) -> 0
A83: H0420 | B83: 2025 | C83: 하반기 | D83: 최초실시, 공정의 수시변경 | E83: 천안 | F83: ="천-"&'25하-천안140'!A83 -> 천-209 | G83: 82 | H83: 72 | I83: 45987 | J83: 45987 | L83: 강종구 | M83: 천안 | N83: 주식회사 에이치원건설 (주)테크윙 아산사업장 기숙사,공장동,접견동,공작물주차장 증축 | O83: 20 | P83: 5888100474 | Q83: 58881004746 | R83: 조충구 | T83: 충청남도 아산시 음봉면 아산밸리로387번길 118 (신휴리) | W83: 천연화 | X83: 고문 | Y83: 010-4471-2435 | Z83: cyh403@h1group.co.kr | AA83: 46007 | AB83: 이주형 | AC83: 0 | AD83: =VLOOKUP(A83,'계산서(25하-천안)'!$X$3:$AI$104,2,FALSE) -> 국고 전액 | AF83: =VLOOKUP(A83,'계산서(25하-천안)'!$X$3:$AI$104,3,FALSE) -> 0 | AG83: =VLOOKUP(A83,'계산서(25하-천안)'!$X$3:$AI$104,4,FALSE) -> 937090 | AI83: =VLOOKUP(A83,'계산서(25하-천안)'!$X$3:$AI$104,2,FALSE) -> 국고 전액 | AJ83: =VLOOKUP(A83,'계산서(25하-천안)'!$X$3:$AI$104,8,FALSE) -> 0 | AL83: =VLOOKUP(A83,'계산서(25하-천안)'!$X$3:$AI$104,10,FALSE) -> 0 | AM83: =VLOOKUP(A83,'계산서(25하-천안)'!$X$3:$AI$104,12,FALSE) -> 0
A84: H0007 | B84: 2025 | C84: 하반기 | D84: 소음85이상 | E84: 천안 | F84: ="천-"&'25하-천안140'!A84 -> 천-210 | G84: 83 | H84: 73 | I84: 45992 | J84: 45992 | L84: 고유빈 | M84: 천안 | N84: (주)신태양 천안공장 | O84: 65 | P84: 1248148819 | Q84: 31285467170 | R84: 박용복, 박지종 | T84: 충청남도 천안시 서북구 직산읍 성진로 154-14 (군동리) | U84: 041-585-9571 | V84: 041-585-9570 | W84: 박가영 | X84: 사원 | Y84: 010-4611-6358 | Z84: dnfqhrkduddl@naver.com | AC84: sty2355@daum.net | AD84: =VLOOKUP(A84,'계산서(25하-천안)'!$X$3:$AI$104,2,FALSE) -> 46015 | AF84: =VLOOKUP(A84,'계산서(25하-천안)'!$X$3:$AI$104,3,FALSE) -> 500000 | AG84: =VLOOKUP(A84,'계산서(25하-천안)'!$X$3:$AI$104,4,FALSE) -> 0 | AI84: =VLOOKUP(A84,'계산서(25하-천안)'!$X$3:$AI$104,2,FALSE) -> 46015 | AJ84: =VLOOKUP(A84,'계산서(25하-천안)'!$X$3:$AI$104,8,FALSE) -> 500000 | AK84: =VLOOKUP(A84,'계산서(25하-천안)'!$X$3:$AI$104,9,FALSE) -> 국고 X | AL84: =VLOOKUP(A84,'계산서(25하-천안)'!$X$3:$AI$104,10,FALSE) -> 0 | AM84: =VLOOKUP(A84,'계산서(25하-천안)'!$X$3:$AI$104,12,FALSE) -> 0
A85: H0323 | B85: 2025 | C85: 하반기 | E85: 천안 | F85: ="천-"&'25하-천안140'!A85 -> 천-211 | G85: 84 | H85: 74 | I85: 45993 | J85: 45993 | L85: 고유빈 | M85: 천안 | N85: 주식회사 제원테크 2공장 | O85: 68 | P85: 1258187120 | Q85: 92229694161 | R85: 정현철 | T85: 충청남도 천안시 동남구 성남면 세성로 102-12 (화성리) | U85: 041-552-1907 | V85: 041-551-1909 | W85: 최동선 | X85: 팀장 | Y85: 010-5369-7975 | Z85: dschoi@welkeeps.com | AC85: jeone@welkeeps.com | AD85: =VLOOKUP(A85,'계산서(25하-천안)'!$X$3:$AI$104,2,FALSE) -> 46015 | AF85: =VLOOKUP(A85,'계산서(25하-천안)'!$X$3:$AI$104,3,FALSE) -> 450000 | AG85: =VLOOKUP(A85,'계산서(25하-천안)'!$X$3:$AI$104,4,FALSE) -> 0 | AI85: =VLOOKUP(A85,'계산서(25하-천안)'!$X$3:$AI$104,2,FALSE) -> 46015 | AJ85: =VLOOKUP(A85,'계산서(25하-천안)'!$X$3:$AI$104,8,FALSE) -> 0 | AK85: =VLOOKUP(A85,'계산서(25하-천안)'!$X$3:$AI$104,9,FALSE) -> 국고 X | AL85: =VLOOKUP(A85,'계산서(25하-천안)'!$X$3:$AI$104,10,FALSE) -> 0 | AM85: =VLOOKUP(A85,'계산서(25하-천안)'!$X$3:$AI$104,12,FALSE) -> 0
A86: H0386 | B86: 2025 | C86: 하반기 | D86: 공정의 수시변경 | E86: 천안 | F86: ="천-"&'25하-천안140'!A86 -> 천-212 | G86: 85 | H86: 75 | I86: 45995 | J86: 45995 | L86: 한기문, 강종구, 고유빈 | M86: 울산 | N86: 에쓰씨엔지니어링(주) 케이앤디에너젠 SHC-1 PROJECT 건설공사 | O86: 342 | P86: 1168107777 | Q86: 11681077776 | R86: 김기웅 | T86: 울산광역시 울주군 온산읍 산암로 213 (산암리) | U86: 02-2167-9330 | V86: 02-2167-9049 | W86: 박원섭 | X86: 부장 | Y86: 010-3611-2886 | Z86: wsbak71@sc-eng.com | AA86: 46022 | AB86: 한기문 | AC86: wsbak71@sc-eng.com | AD86: =VLOOKUP(A86,'계산서(25하-천안)'!$X$3:$AI$104,2,FALSE) -> 46008 | AF86: =VLOOKUP(A86,'계산서(25하-천안)'!$X$3:$AI$104,3,FALSE) -> 10600000 | AG86: =VLOOKUP(A86,'계산서(25하-천안)'!$X$3:$AI$104,4,FALSE) -> 0 | AI86: =VLOOKUP(A86,'계산서(25하-천안)'!$X$3:$AI$104,2,FALSE) -> 46008 | AJ86: =VLOOKUP(A86,'계산서(25하-천안)'!$X$3:$AI$104,8,FALSE) -> 10600000 | AK86: =VLOOKUP(A86,'계산서(25하-천안)'!$X$3:$AI$104,9,FALSE) -> 국고 X | AL86: =VLOOKUP(A86,'계산서(25하-천안)'!$X$3:$AI$104,10,FALSE) -> 0 | AM86: =VLOOKUP(A86,'계산서(25하-천안)'!$X$3:$AI$104,12,FALSE) -> 0
A87: H0339 | B87: 2025 | C87: 하반기 | E87: 천안 | F87: ="천-"&'25하-천안140'!A87 -> 천-213 | G87: 86 | H87: 75 | I87: 45995 | J87: 45995 | L87: 배윤민 | M87: 양산 | N87: 주식회사 와이케이건기 김해센터 | O87: 4 | P87: 1198130845 | Q87: 91303824841 | R87: 채호선 | T87: 경상남도 김해시 생림면 생림대로 399-11 (나전리) | U87: 1588-3806 | V87: 070-4369-7413 | W87: 선영수 | X87: 직장 | Y87: 010-3501-4866 | Z87: ys_sun@sunnyyk.co.kr | AA87: 12월 30일 | AB87: 배윤민 | AC87: sunnyyk@sunnyyk.co.kr | AD87: =VLOOKUP(A87,'계산서(25하-천안)'!$X$3:$AI$104,2,FALSE) -> 26년1월6일 | AF87: =VLOOKUP(A87,'계산서(25하-천안)'!$X$3:$AI$104,3,FALSE) -> 1000000 | AG87: =VLOOKUP(A87,'계산서(25하-천안)'!$X$3:$AI$104,4,FALSE) -> 0 | AI87: =VLOOKUP(A87,'계산서(25하-천안)'!$X$3:$AI$104,2,FALSE) -> 26년1월6일 | AJ87: =VLOOKUP(A87,'계산서(25하-천안)'!$X$3:$AI$104,8,FALSE) -> 1000000 | AK87: =VLOOKUP(A87,'계산서(25하-천안)'!$X$3:$AI$104,9,FALSE) -> 국고 X | AL87: =VLOOKUP(A87,'계산서(25하-천안)'!$X$3:$AI$104,10,FALSE) -> 0 | AM87: =VLOOKUP(A87,'계산서(25하-천안)'!$X$3:$AI$104,12,FALSE) -> 0
A88: H0298 | B88: 2025 | C88: 하반기 | D88: 공정의 수시변경 | E88: 천안 | F88: ="천-"&'25하-천안140'!A88 -> 천-214 | G88: 87 | H88: 76 | I88: 45999 | J88: 45999 | L88: 고유빈 | M88: 보령 | N88: (주)대명기전 보령화력본부 저탄장 옥내화사업 소방공사 | O88: 7 | P88: 4098618375 | Q88: 40986183756 | R88: 박태주 | T88: 충청남도 보령시 오천면 오천해안로 89-37 (오포리) | W88: 양용득 | X88: 차장 | Y88: 010-4210-8924 | Z88: woodcla@naver.com | AC88: woodcla@naver.com | AD88: =VLOOKUP(A88,'계산서(25하-천안)'!$X$3:$AI$104,2,FALSE) -> 26년1월6일 | AF88: =VLOOKUP(A88,'계산서(25하-천안)'!$X$3:$AI$104,3,FALSE) -> 600000 | AG88: =VLOOKUP(A88,'계산서(25하-천안)'!$X$3:$AI$104,4,FALSE) -> 400000 | AI88: =VLOOKUP(A88,'계산서(25하-천안)'!$X$3:$AI$104,2,FALSE) -> 26년1월6일 | AJ88: =VLOOKUP(A88,'계산서(25하-천안)'!$X$3:$AI$104,8,FALSE) -> 0 | AL88: =VLOOKUP(A88,'계산서(25하-천안)'!$X$3:$AI$104,10,FALSE) -> 0 | AM88: =VLOOKUP(A88,'계산서(25하-천안)'!$X$3:$AI$104,12,FALSE) -> 0
A89: H0332 | B89: 2025 | C89: 하반기 | E89: 천안 | F89: ="천-"&'25하-천안140'!A89 -> 천-215 | G89: 88 | H89: 77 | I89: 46000 | J89: 46000 | L89: 고유빈 | M89: 청주 | N89: 주식회사 와이케이건기 옥천센터 | O89: 5 | P89: 1198130845 | Q89: 91920118401 | R89: 채호선 | T89: 충청북도 옥천군 옥천읍 서부로 371-12 (삼청리) | U89: 1588-3806 | V89: 070-4369-3806 | W89: 박정기 | Y89: 010-9239-0606 | Z89: ocas@sunnyyk.co.kr | AC89: sunnyyk@sunnyyk.co.kr | AD89: =VLOOKUP(A89,'계산서(25하-천안)'!$X$3:$AI$104,2,FALSE) -> 26년1월6일 | AF89: =VLOOKUP(A89,'계산서(25하-천안)'!$X$3:$AI$104,3,FALSE) -> 1000000 | AG89: =VLOOKUP(A89,'계산서(25하-천안)'!$X$3:$AI$104,4,FALSE) -> 0 | AI89: =VLOOKUP(A89,'계산서(25하-천안)'!$X$3:$AI$104,2,FALSE) -> 26년1월6일 | AJ89: =VLOOKUP(A89,'계산서(25하-천안)'!$X$3:$AI$104,8,FALSE) -> 1000000 | AK89: =VLOOKUP(A89,'계산서(25하-천안)'!$X$3:$AI$104,9,FALSE) -> 국고 X | AL89: =VLOOKUP(A89,'계산서(25하-천안)'!$X$3:$AI$104,10,FALSE) -> 0 | AM89: =VLOOKUP(A89,'계산서(25하-천안)'!$X$3:$AI$104,12,FALSE) -> 0
A90: H0366 | B90: 2025 | C90: 하반기 | D90: 공정의 수시변경 | E90: 천안 | F90: ="천-"&'25하-천안140'!A90 -> 천-216 | G90: 89 | H90: 78 | I90: 46001 | J90: 46001 | L90: 이주형 | M90: 천안 | N90: 우석종합건설(주) 천안천 풍수해생활권 종합정비사업 | O90: 18 | P90: 5058108961 | Q90: 50581089616 | R90: 손동우 | T90: 충청남도 천안시 서북구 와촌동 130 | W90: 김장호 | X90: 안전팀장 | Y90: 010-3627-5938 | Z90: rndlstk7@hanmail.net | AA90: 46028 | AB90: 이주형 | AC90: rndlstk7@hanmail.net | AD90: =VLOOKUP(A90,'계산서(25하-천안)'!$X$3:$AI$104,2,FALSE) -> 26년1월6일 | AF90: =VLOOKUP(A90,'계산서(25하-천안)'!$X$3:$AI$104,3,FALSE) -> 750000 | AG90: =VLOOKUP(A90,'계산서(25하-천안)'!$X$3:$AI$104,4,FALSE) -> 400000 | AI90: =VLOOKUP(A90,'계산서(25하-천안)'!$X$3:$AI$104,2,FALSE) -> 26년1월6일 | AJ90: =VLOOKUP(A90,'계산서(25하-천안)'!$X$3:$AI$104,8,FALSE) -> 0 | AL90: =VLOOKUP(A90,'계산서(25하-천안)'!$X$3:$AI$104,10,FALSE) -> 0 | AM90: =VLOOKUP(A90,'계산서(25하-천안)'!$X$3:$AI$104,12,FALSE) -> 0
A91: H0203 | B91: 2025 | C91: 하반기 | D91: 고시물질 | E91: 천안 | F91: ="천-"&'25하-천안140'!A91 -> 천-217 | G91: 90 | H91: 79 | I91: 46002 | J91: 46002 | L91: 한기문 | M91: 천안 | N91: (주)비츠로밀텍 | O91: 128 | P91: 2078146590 | Q91: 20781465900 | R91: 변영철 | T91: 충청남도 천안시 동남구 풍세면 풍세산단로 58 (용정리) | U91: 041-529-4004 | V91: 041-529-4050 | W91: 채희찬 | Y91: 010-8533-8668 | Z91: hcchae@vizromiltech.com | AA91: 46022 | AB91: 한기문 | AC91: hcchae@vitzromiltech.com | AD91: =VLOOKUP(A91,'계산서(25하-천안)'!$X$3:$AI$104,2,FALSE) -> 46008 | AF91: =VLOOKUP(A91,'계산서(25하-천안)'!$X$3:$AI$104,3,FALSE) -> 1300000 | AG91: =VLOOKUP(A91,'계산서(25하-천안)'!$X$3:$AI$104,4,FALSE) -> 0 | AI91: =VLOOKUP(A91,'계산서(25하-천안)'!$X$3:$AI$104,2,FALSE) -> 46008 | AJ91: =VLOOKUP(A91,'계산서(25하-천안)'!$X$3:$AI$104,8,FALSE) -> 0 | AK91: =VLOOKUP(A91,'계산서(25하-천안)'!$X$3:$AI$104,9,FALSE) -> 국고 X | AL91: =VLOOKUP(A91,'계산서(25하-천안)'!$X$3:$AI$104,10,FALSE) -> 0 | AM91: =VLOOKUP(A91,'계산서(25하-천안)'!$X$3:$AI$104,12,FALSE) -> 0
A92: H0249 | B92: 2025 | C92: 하반기 | D92: 전회미실시, 고시물질 | E92: 천안 | F92: ="천-"&'25하-천안140'!A92 -> 천-218 | G92: 91 | H92: 80 | I92: 46002 | J92: 46002 | L92: 강종구 | M92: 천안 | N92: 주식회사 유성기술 | O92: 22 | P92: 3718701178 | Q92: 37187011780 | R92: 정동철 | T92: 충청남도 천안시 서북구 직산읍 군수1길 96 (군서리) | U92: 041-588-8817 | V92: 041-588-8819 | W92: 이재원 | X92: 주임 | Y92: 010-5226-3071 | Z92: ys8817@yusungvalve.co.kr | AA92: 46028 | AB92: 강종구 | AC92: ys8817@yusungvalve.co.kr | AD92: =VLOOKUP(A92,'계산서(25하-천안)'!$X$3:$AI$104,2,FALSE) -> 46013 | AF92: =VLOOKUP(A92,'계산서(25하-천안)'!$X$3:$AI$104,3,FALSE) -> 800000 | AG92: =VLOOKUP(A92,'계산서(25하-천안)'!$X$3:$AI$104,4,FALSE) -> 400000 | AI92: =VLOOKUP(A92,'계산서(25하-천안)'!$X$3:$AI$104,2,FALSE) -> 46013 | AJ92: =VLOOKUP(A92,'계산서(25하-천안)'!$X$3:$AI$104,8,FALSE) -> 0 | AL92: =VLOOKUP(A92,'계산서(25하-천안)'!$X$3:$AI$104,10,FALSE) -> 0 | AM92: =VLOOKUP(A92,'계산서(25하-천안)'!$X$3:$AI$104,12,FALSE) -> 0
A93: H0248 | B93: 2025 | C93: 하반기 | D93: 전회미실시, 고시물질 | E93: 천안 | F93: ="천-"&'25하-천안140'!A93 -> 천-219 | G93: 92 | H93: 81 | I93: 46002 | J93: 46002 | L93: 고유빈 | M93: 천안 | N93: (주) 유성 | O93: 13 | P93: 3128188679 | Q93: 31281886790 | R93: 정성욱 | T93: 충청남도 천안시 서북구 직산읍 군수1길 96, 1동 | U93: 041-588-8817 | V93: 041-588-8819 | W93: 이재원 | X93: 주임 | Y93: 010-5226-3071 | Z93: ys8817@yusungvalve.co.kr | AA93: 46029 | AB93: 강종구 | AC93: ys8817@yusungvalve.co.kr | AD93: =VLOOKUP(A93,'계산서(25하-천안)'!$X$3:$AI$104,2,FALSE) -> 46013 | AF93: =VLOOKUP(A93,'계산서(25하-천안)'!$X$3:$AI$104,3,FALSE) -> 200000 | AG93: =VLOOKUP(A93,'계산서(25하-천안)'!$X$3:$AI$104,4,FALSE) -> 400000 | AI93: =VLOOKUP(A93,'계산서(25하-천안)'!$X$3:$AI$104,2,FALSE) -> 46013 | AJ93: =VLOOKUP(A93,'계산서(25하-천안)'!$X$3:$AI$104,8,FALSE) -> 0 | AL93: =VLOOKUP(A93,'계산서(25하-천안)'!$X$3:$AI$104,10,FALSE) -> 0 | AM93: =VLOOKUP(A93,'계산서(25하-천안)'!$X$3:$AI$104,12,FALSE) -> 0
A94: H0389 | B94: 2025 | C94: 하반기 | D94: 공정의 변경, 소음85이상 | E94: 천안 | F94: ="천-"&'25하-천안140'!A94 -> 천-220 | G94: 93 | H94: 82 | I94: 46006 | J94: 46007 | L94: 강종구, 배윤민, 고유빈 | M94: 천안 | N94: 한일산업 (주) | O94: 168 | P94: 3128149360 | Q94: 31281493600 | R94: 김장한, 김정동 | T94: 충청남도 아산시 신창면 서부남로 561 (궁화리) | U94: 041-541-2833 | V94: 041-541-2838 | W94: 구훈회 | X94: 부장 | Y94: 010-9430-0842 | Z94: hhgu1@ihanil.co.kr | AC94: hanil@bill36524.com | AD94: =VLOOKUP(A94,'계산서(25하-천안)'!$X$3:$AI$104,2,FALSE) -> 46013 | AF94: =VLOOKUP(A94,'계산서(25하-천안)'!$X$3:$AI$104,3,FALSE) -> 9500000 | AG94: =VLOOKUP(A94,'계산서(25하-천안)'!$X$3:$AI$104,4,FALSE) -> 0 | AI94: =VLOOKUP(A94,'계산서(25하-천안)'!$X$3:$AI$104,2,FALSE) -> 46013 | AJ94: =VLOOKUP(A94,'계산서(25하-천안)'!$X$3:$AI$104,8,FALSE) -> 0 | AK94: =VLOOKUP(A94,'계산서(25하-천안)'!$X$3:$AI$104,9,FALSE) -> 국고 X | AL94: =VLOOKUP(A94,'계산서(25하-천안)'!$X$3:$AI$104,10,FALSE) -> 0 | AM94: =VLOOKUP(A94,'계산서(25하-천안)'!$X$3:$AI$104,12,FALSE) -> 0
A95: H0387 | B95: 2025 | C95: 하반기 | D95: 공정의 수시변경 | E95: 천안 | F95: ="천-"&'25하-천안140'!A95 -> 천-221 | G95: 94 | H95: 83 | I95: 46006 | J95: 46006 | L95: 한기문 | M95: 천안 | N95: 주식회사 무한종합건설 주식회사 부흥금속 가내리 263-1 신축공사 | O95: 9 | P95: 7358600094 | Q95: 73586000946 | R95: 박영복 | T95: 충청남도 아산시 신창면 가내길 27-35 (가내리) | U95: 041-549-6077 | V95: 041-549-6078 | W95: 이재흥 | X95: 이사 | Y95: 010-5409-5788 | Z95: muhan6410@hanmail.net | AC95: muhan6410@hanmail.net | AD95: =VLOOKUP(A95,'계산서(25하-천안)'!$X$3:$AI$104,2,FALSE) -> 국고 전액 | AF95: =VLOOKUP(A95,'계산서(25하-천안)'!$X$3:$AI$104,3,FALSE) -> 0 | AG95: =VLOOKUP(A95,'계산서(25하-천안)'!$X$3:$AI$104,4,FALSE) -> 400000 | AI95: =VLOOKUP(A95,'계산서(25하-천안)'!$X$3:$AI$104,2,FALSE) -> 국고 전액 | AJ95: =VLOOKUP(A95,'계산서(25하-천안)'!$X$3:$AI$104,8,FALSE) -> 0 | AL95: =VLOOKUP(A95,'계산서(25하-천안)'!$X$3:$AI$104,10,FALSE) -> 0 | AM95: =VLOOKUP(A95,'계산서(25하-천안)'!$X$3:$AI$104,12,FALSE) -> 0
A96: H0181 | B96: 2025 | C96: 하반기 | D96: 고시물질 | E96: 천안 | F96: ="천-"&'25하-천안140'!A96 -> 천-222 | G96: 95 | H96: 84 | I96: 46007 | J96: 46007 | L96: 이주형 | M96: 천안 | N96: (주)두원전자 | O96: 240 | P96: 1298118421 | Q96: 12981184210 | R96: 김종완 | T96: 충청남도 아산시 영인면 월선길 4-16 (월선리) | U96: 041-421-0021 | V96: 041-541-2122 | W96: 이동엽 | X96: 대리 | Y96: 010-6289-8617 | Z96: ldy@dwdec.kr | AC96: ldy@dwdec.kr | AD96: =VLOOKUP(A96,'계산서(25하-천안)'!$X$3:$AI$104,2,FALSE) -> 46021 | AF96: =VLOOKUP(A96,'계산서(25하-천안)'!$X$3:$AI$104,3,FALSE) -> 1900000 | AG96: =VLOOKUP(A96,'계산서(25하-천안)'!$X$3:$AI$104,4,FALSE) -> 0 | AI96: =VLOOKUP(A96,'계산서(25하-천안)'!$X$3:$AI$104,2,FALSE) -> 46021 | AJ96: =VLOOKUP(A96,'계산서(25하-천안)'!$X$3:$AI$104,8,FALSE) -> 0 | AK96: =VLOOKUP(A96,'계산서(25하-천안)'!$X$3:$AI$104,9,FALSE) -> 국고 X | AL96: =VLOOKUP(A96,'계산서(25하-천안)'!$X$3:$AI$104,10,FALSE) -> 0 | AM96: =VLOOKUP(A96,'계산서(25하-천안)'!$X$3:$AI$104,12,FALSE) -> 0
A97: H0418 | B97: 2025 | C97: 하반기 | D97: 최초실시, 공정의 수시변경 | E97: 천안 | F97: ="천-"&'25하-천안140'!A97 -> 천-223 | G97: 96 | H97: 84 | I97: 46008 | J97: 46008 | L97: 고유빈 | M97: 보령 | N97: 서대종합건설 주식회사 홍성군 자연장지 조성사업 | O97: 4 | P97: 3138102242 | Q97: 31381022426 | R97: 정해천 | T97: 충청남도 홍성군 갈산면 갈산서길170번길 109-60 | U97: 041-935-0051 | V97: 041-936-5279 | W97: 조성선 | X97: 부장 | Y97: 010-2886-6689 | Z97: jss825@naver.com | AC97: cac048@naver.com | AD97: =VLOOKUP(A97,'계산서(25하-천안)'!$X$3:$AI$104,2,FALSE) -> 국고 전액 | AF97: =VLOOKUP(A97,'계산서(25하-천안)'!$X$3:$AI$104,3,FALSE) -> 0 | AG97: =VLOOKUP(A97,'계산서(25하-천안)'!$X$3:$AI$104,4,FALSE) -> 981880 | AI97: =VLOOKUP(A97,'계산서(25하-천안)'!$X$3:$AI$104,2,FALSE) -> 국고 전액 | AJ97: =VLOOKUP(A97,'계산서(25하-천안)'!$X$3:$AI$104,8,FALSE) -> 0 | AL97: =VLOOKUP(A97,'계산서(25하-천안)'!$X$3:$AI$104,10,FALSE) -> 0 | AM97: =VLOOKUP(A97,'계산서(25하-천안)'!$X$3:$AI$104,12,FALSE) -> 0
A98: H0364 | B98: 2025 | C98: 하반기 | D98: 신규공정, 공정변경, 고시물질 | E98: 천안 | F98: ="천-"&'25하-천안140'!A98 -> 천-224 | G98: 97 | H98: 85 | I98: 46008 | J98: 46008 | L98: 이주형 | M98: 중부 | N98: (주)거화 | O98: 23 | P98: 1378144615 | Q98: 13781446150 | R98: 이대곤 | T98: 인천광역시 남동구 남동대로 383 (남촌동) | U98: 032-567-7456 | V98: 032-567-7459 | W98: 유순영 | X98: 부장 | Y98: 010-8516-6400 | Z98: syjin2003@naver.com | AC98: kwheater00@daum.net | AD98: =VLOOKUP(A98,'계산서(25하-천안)'!$X$3:$AI$104,2,FALSE) -> 0 | AF98: =VLOOKUP(A98,'계산서(25하-천안)'!$X$3:$AI$104,3,FALSE) -> 1480000 | AG98: =VLOOKUP(A98,'계산서(25하-천안)'!$X$3:$AI$104,4,FALSE) -> 400000 | AI98: =VLOOKUP(A98,'계산서(25하-천안)'!$X$3:$AI$104,2,FALSE) -> 0 | AJ98: =VLOOKUP(A98,'계산서(25하-천안)'!$X$3:$AI$104,8,FALSE) -> 0 | AL98: =VLOOKUP(A98,'계산서(25하-천안)'!$X$3:$AI$104,10,FALSE) -> 0 | AM98: =VLOOKUP(A98,'계산서(25하-천안)'!$X$3:$AI$104,12,FALSE) -> 0
A99: H0006 | B99: 2025 | C99: 하반기 | E99: 천안 | F99: ="천-"&'25하-천안140'!A99 -> 천-225 | G99: 98 | H99: 86 | I99: 46009 | J99: 46009 | L99: 이주형 | M99: 서울 | N99: 해비치호텔앤드리조트 주식회사 르메르디앙&목시 명동 | O99: 255 | P99: 6168127929 | Q99: 92231505881 | R99: 김민수 | T99: 서울특별시 중구 명동8나길 38 (충무로1가) | U99: 02-2184-7094 | V99: 02-2184-7093 | W99: 김현주 | X99: 보건관리자 | Y99: 010-9159-5499 | Z99: Elena.Kim@marriott.com | AA99: 46028 | AB99: 이주형 | AC99: elin.kim2@marriott.com Tax.myeongdong@gmail.com | AD99: =VLOOKUP(A99,'계산서(25하-천안)'!$X$3:$AI$104,2,FALSE) -> 46008 | AF99: =VLOOKUP(A99,'계산서(25하-천안)'!$X$3:$AI$104,3,FALSE) -> 750000 | AG99: =VLOOKUP(A99,'계산서(25하-천안)'!$X$3:$AI$104,4,FALSE) -> 0 | AI99: =VLOOKUP(A99,'계산서(25하-천안)'!$X$3:$AI$104,2,FALSE) -> 46008 | AJ99: =VLOOKUP(A99,'계산서(25하-천안)'!$X$3:$AI$104,8,FALSE) -> 750000 | AK99: =VLOOKUP(A99,'계산서(25하-천안)'!$X$3:$AI$104,9,FALSE) -> 국고 X | AL99: =VLOOKUP(A99,'계산서(25하-천안)'!$X$3:$AI$104,10,FALSE) -> 0 | AM99: =VLOOKUP(A99,'계산서(25하-천안)'!$X$3:$AI$104,12,FALSE) -> (주)케이티에스테이트로 계산서 발행
A100: H0424 | B100: 2025 | C100: 하반기 | D100: 최초실시, 공정의 수시변경 | E100: 천안 | F100: ="천-"&'25하-천안140'!A100 -> 천-226 | G100: 99 | H100: 87 | I100: 46009 | J100: 46009 | L100: 강종구 | M100: 천안 | N100: (주) 부현전기 쿠팡 CHA 6FC Ph2 전기공사 | O100: 50 | P100: 1188121173 | Q100: 21486072996 | R100: 김홍수 | T100: 충청남도 천안시 서북구 입장면 용정도하길 181 (용정리) | W100: 김진호 | Y100: 010-9003-0781 | Z100: kjh0781@boohyun.kr | AC100: kyong16@hometax.go.kr | AD100: =VLOOKUP(A100,'계산서(25하-천안)'!$X$3:$AI$104,2,FALSE) -> 46013 | AF100: =VLOOKUP(A100,'계산서(25하-천안)'!$X$3:$AI$104,3,FALSE) -> 1300000 | AG100: =VLOOKUP(A100,'계산서(25하-천안)'!$X$3:$AI$104,4,FALSE) -> 0 | AI100: =VLOOKUP(A100,'계산서(25하-천안)'!$X$3:$AI$104,2,FALSE) -> 46013 | AJ100: =VLOOKUP(A100,'계산서(25하-천안)'!$X$3:$AI$104,8,FALSE) -> 1300000 | AK100: =VLOOKUP(A100,'계산서(25하-천안)'!$X$3:$AI$104,9,FALSE) -> 국고 X | AL100: =VLOOKUP(A100,'계산서(25하-천안)'!$X$3:$AI$104,10,FALSE) -> 0 | AM100: =VLOOKUP(A100,'계산서(25하-천안)'!$X$3:$AI$104,12,FALSE) -> 0
...

Sheet 사업장정보
A1: 순번 | B1: 사업장명 | C1: 대표자명 | D1: 사업자번호 | E1: 코드 | F1: 우편번호 | G1: 주소1 | H1: 주소2 | I1: 전화번호 | J1: 팩스번호 | K1: 업태 | L1: 업종코드 | M1: 업종 | N1: 관할청코드 | O1: 관할청 | P1: 주생산품 | Q1: 남근로수 | R1: 여근로수 | S1: 관리번호 | T1: 계산서 메일 | U1: 계산서 담당 | V1: 직위 | W1: 연락처 | X1: 년도 | Y1: 등록일 | Z1: 향후측정예상일 | AA1: 비고
A2: 9 | B2: (유)대덕현대서비스 | C2: 김기송, 김경호 | D2: 3058153605 | E2: H0036 | F2: 34357 | G2: 대전광역시 대덕구 신탄진로 375 (와동) | I2: 042-625-6600 | J2: 042-625-6601 | L2: 95211 | M2: 자동차 종합 수리업 | N2: 7000 | O2: 대전지방고용노동청 | P2: 차량수리 및 도장업 | Q2: 29 | R2: 0 | T2: daehyungcv@hanmail.net | U2: 김정무 | V2: 부장 | W2: 010-3412-4052 | X2: 2023 | Y2: 2023-01-31
A3: 10 | B3: (자)신화소방 Camp Project 현장 | C3: 배남진 | D3: 4178103747 | E3: H0265 | F3: 54008 | G3: 전북특별자치도 군산시 임해로 49 (소룡동, 넥세온코리아유한회사) | I3: 061-652-2217 | J3: 061-652-2219 | L3: 41122 | M3: 제조업 및 유사 산업용 건물 건설업 | N3: 6130 | O3: 광주지방고용노동청 군산지청 | P3: 소방공사 | Q3: 5 | R3: 0 | T3: bnj2217@hanmail.net | U3: 강준규 | V3: 이사 | W3: 010-9299-4039 | X3: 2024 | Y3: 2024-05-08
A4: 11 | B4: (자)유승기업 | C4: 장정민 | D4: 3148100193 | E4: H0138 | F4: 35267 | G4: 대전광역시 서구 계룡로 510 (탄방동) | I4: 042-523-0033 | J4: 042-527-7611 | L4: 95211 | M4: 자동차 종합 수리업 | N4: 7000 | O4: 대전지방고용노동청 | P4: 차량수리 및 도장업 | Q4: 28 | R4: 0 | T4: ys0033@hometax.go.kr | U4: 이종대 | V4: 부장 | W4: 010-3591-3291 | X4: 2023 | Y4: 2023-03-17
A5: 12 | B5: (주) 광전사 천안 스마트그린산단 통합관제센터 스마트횡단보도 설치 | C5: 박현석 | D5: 3128154505 | E5: H0407 | F5: 31085 | G5: 충청남도 천안시 서북구 3공단6로 86-9 제3일반산업단지 일대 (차암동) | I5: 041-578-2885 | J5: 041-578-5559 | L5: 42311 | M5: 일반전기 공사업 | N5: 7210 | O5: 대전지방고용노동청 천안지청 | P5: 전기공사, 정보통신공사 | Q5: 4 | R5: 0 | T5: kjs28855@hanmail.net | X5: 2025 | Y5: 2025-09-23
A6: 13 | B6: (주) 국보디자인 설해원 설해수림 인테리어 공사 C공구 | C6: 황창연, 김민기 | D6: 1028122615 | E6: H0352 | F6: 25042 | G6: 강원특별자치도 양양군 손양면 공항로 230 (동호리, 설해원) | L6: 42412 | M6: 도배, 실내장식 및 내장 목공사업 | N6: 2130 | O6: 중부지방고용노동청 강릉지청 | P6: 인테리어 공사 | Q6: 0 | R6: 0 | T6: kukbo1@ikukbo.com | X6: 2025 | Y6: 2025-03-21
A7: 14 | B7: (주) 대진자동차공업사 | C7: 이숙자 | D7: 3148624512 | E7: H0033 | F7: 34314 | G7: 대전광역시 대덕구 신탄진로756번안길 79 (신탄진동) | I7: 042-933-1282 | J7: 042-934-1284 | L7: 95211 | M7: 자동차 종합 수리업 | N7: 7000 | O7: 대전지방고용노동청 | P7: 차량수리 및 도장업 | Q7: 14 | R7: 0 | T7: daejin24512@hanmail.net | U7: 이숙자 | V7: 대표 | W7: 010-9948-5467 | X7: 2023 | Y7: 2023-01-31
A8: 15 | B8: (주) 두산금속 | C8: 김영이 | D8: 1408113291 | E8: H0401 | F8: 15112 | G8: 경기도 시흥시 마유로82번길 52 (정왕동) | I8: 031-432-0783 | J8: 031-432-0785 | L8: 25929 | M8: 그 외 기타 금속가공업 | N8: 5140 | O8: 중부지방고용노동청 안산지청 | P8: 소방기구, 충전기함 | Q8: 22 | R8: 0 | X8: 2025 | Y8: 2025-08-26
A9: 16 | B9: (주) 레오플 23-충-공-5D시설공사(군경대대생활관 증축) | C9: 권철진 | D9: 3088137832 | E9: H0252 | F9: 32024 | G9: 충청남도 서산시 해미면 신성로 330-1 (기지리) | L9: 41111 | M9: 단독 주택 건설업 | N9: 7230 | O9: 대전지방고용노동청 서산지청 | P9: 건설 | Q9: 7 | R9: 0 | T9: leople@leople.co.kr | X9: 2024 | Y9: 2024-04-04
A10: 17 | B10: (주) 레오플 24-D-OO부대 간부숙소 리모델링 시설공사 | C10: 권철진 | D10: 3088137832 | E10: H0371 | F10: 32801 | G10: 충청남도 계룡시 신도안면 신도안2길 96 (남선리, 군인아파트) | I10: 044-864-8122 | J10: 044-864-8124 | L10: 41119 | M10: 기타 공동 주택 건설업 | N10: 7000 | O10: 대전지방고용노동청 | P10: 건설 | Q10: 3 | R10: 0 | T10: LEOPLE@hometax.go.kr | U10: 김동혁 | V10: 소장 | W10: 010-4462-2029 | X10: 2025 | Y10: 2025-05-02
A11: 18 | B11: (주) 보성산업 | C11: 최정운 | D11: 3128136827 | E11: H0385 | F11: 31210 | G11: 충청남도 천안시 동남구 신방남부길 3 (신방동, 보성산업) | I11: 041-577-6294 | J11: 041-576-2694 | L11: 41229 | M11: 기타 토목시설물 건설업 | N11: 7210 | O11: 대전지방고용노동청 천안지청 | P11: 철물공사, 조립식구조물 | Q11: 0 | R11: 0 | T11: bosung6294@daum.net | X11: 2025 | Y11: 2025-06-09
A12: 19 | B12: (주) 부현전기 쿠팡 CHA 6FC Ph2 전기공사 | C12: 김홍수 | D12: 1188121173 | E12: H0424 | F12: 31025 | G12: 충청남도 천안시 서북구 입장면 용정도하길 181 (용정리) | L12: 42311 | M12: 일반전기 공사업 | N12: 7210 | O12: 대전지방고용노동청 천안지청 | P12: 전기공사업, 정보통신공사업 | Q12: 0 | R12: 0 | T12: kyong16@hometax.go.kr | X12: 2025 | Y12: 2025-12-04
A13: 20 | B13: (주) 운성모터스 | C13: 김재경 | D13: 3058176350 | E13: H0048 | F13: 34426 | G13: 대전광역시 대덕구 한밭대로 1088 (중리동) | I13: 042-624-4443 | J13: 042-628-4443 | L13: 95211 | M13: 자동차 종합 수리업 | N13: 7000 | O13: 대전지방고용노동청 | P13: 차량수리 및 도장업 | Q13: 14 | R13: 0 | T13: qhfka1401@naver.com | U13: 오관석 | V13: 부장 | W13: 010-6847-9291 | X13: 2023 | Y13: 2023-01-31
A14: 21 | B14: (주) 유성 | C14: 정성욱 | D14: 3128188679 | E14: H0248 | F14: 31032 | G14: 충청남도 천안시 서북구 직산읍 군수1길 96 | I14: 041-588-8817 | J14: 041-588-8819 | L14: 29133 | M14: 탭, 밸브 및 유사 장치 제조업 | N14: 7210 | O14: 대전지방고용노동청 천안지청 | P14: 밸브 | Q14: 0 | R14: 0 | T14: ys8817@yusungvalve.co.kr | U14: 이재원 | V14: 주임 | W14: 010-5226-3071 | X14: 2024 | Y14: 2024-03-29
A15: 22 | B15: (주) 제이앤지 | C15: 이동근 | D15: 3128603660 | E15: H0167 | F15: 31532 | G15: 충청남도 아산시 온천대로1122번길 17 (득산동) | I15: 041-545-0637 | J15: 041-545-0638 | L15: 30399 | M15: 그 외 자동차용 신품 부품 제조업 | N15: 7210 | O15: 대전지방고용노동청 천안지청 | P15: 자동차 부품 | Q15: 0 | R15: 0 | T15: ljb1072@daum.net | X15: 2023 | Y15: 2023-05-04
A16: 23 | B16: (주) 제일엠앤에스 천안CF동 극판 M라인 PD,믹싱설비,분체제작설치 | C16: 이효원, 이영진 | D16: 1248114298 | E16: H0357 | F16: 31086 | G16: 충청남도 천안시 서북구 번영로 467 (성성동, 삼성SDI(주)) | L16: 41225 | M16: 산업생산시설 종합건설업 | N16: 7210 | O16: 대전지방고용노동청 천안지청 | P16: 기계장치 공사 | Q16: 80 | R16: 0 | T16: jh.kim3@jeilm.co.kr | U16: 김종하 | V16: 매니저 | W16: 010-7272-8811 | X16: 2025 | Y16: 2025-04-01
A17: 24 | B17: (주) 제효 마정리 단독주택 신축공사 | C17: 이백화 | D17: 1138144676 | E17: H0310 | F17: 31028 | G17: 충청남도 천안시 서북구 직산읍 금곡로 317 (마정리) | L17: 41111 | M17: 단독 주택 건설업 | N17: 7210 | O17: 대전지방고용노동청 천안지청 | P17: 건설 | Q17: 4 | R17: 0 | T17: jsk303@naver.com | X17: 2024 | Y17: 2024-11-06
A18: 25 | B18: (주) 현대자동차충청써비스 | C18: 김송 | D18: 3128168805 | E18: H0226 | F18: 31501 | G18: 충청남도 아산시 곡교천로125번길 35(실옥동) | I18: 041-546-0992 | J18: 041-547-3396 | L18: 95211 | M18: 자동차 종합 수리업 | N18: 7210 | O18: 대전지방고용노동청 천안지청 | P18: 차량수리 및 도장업 | Q18: 99 | R18: 0 | T18: mt3275@hanmail.net | X18: 2023 | Y18: 2023-11-09
A19: 26 | B19: (주)1급금호자동차정비 | C19: 김영환 | D19: 3058165912 | E19: H0037 | F19: 34357 | G19: 대전광역시 대덕구 신탄진로 319 (와동) | I19: 042-627-0020 | J19: 042-627-0028 | L19: 95211 | M19: 자동차 종합 수리업 | N19: 7000 | O19: 대전지방고용노동청 | P19: 차량수리 및 도장업 | Q19: 10 | R19: 0 | T19: kh0020@hanmail.net | U19: 윤현성 | V19: 공장장 | W19: 010-2987-1661 | X19: 2023 | Y19: 2023-01-31
A20: 27 | B20: (주)1급동부자동차공업사 | C20: 임진수 | D20: 3058185432 | E20: H0190 | F20: 34700 | G20: 대전광역시 동구 대종로 15 (대성동) | I20: 042-272-1500 | J20: 042-271-8287 | L20: 95211 | M20: 자동차 종합 수리업 | N20: 7000 | O20: 대전지방고용노동청 | P20: 차량수리 및 도장업 | Q20: 0 | R20: 0 | T20: db8287@hanmail.net | U20: 임진수 | V20: 대표 | W20: 010-5408-5339 | X20: 2023 | Y20: 2023-07-04
A21: 28 | B21: (주)21세기자동차정비 | C21: 조영숙 | D21: 3148141141 | E21: H0155 | F21: 35283 | G21: 대전광역시 서구 대덕대로 67 (괴정동) | I21: 042-532-2121 | J21: 042-531-5465 | L21: 95211 | M21: 자동차 종합 수리업 | N21: 7000 | O21: 대전지방고용노동청 | P21: 차량수리 및 도장업 | Q21: 12 | R21: 0 | X21: 2023 | Y21: 2023-04-17
A22: 29 | B22: (주)거화 | C22: 이대곤 | D22: 1378144615 | E22: H0364 | F22: 21629 | G22: 인천광역시 남동구 남동대로 383 (남촌동) | I22: 032-567-7456 | J22: 032-567-7459 | L22: 29199 | M22: 그 외 기타 일반목적용 기계 제조업 | N22: 5000 | O22: 중부지방고용노동청 | P22: 열교환기 | Q22: 25 | R22: 0 | X22: 2025 | Y22: 2025-04-11
A23: 30 | B23: (주)경동원 아산공장 | C23: 김종욱 | D23: 2208113641 | E23: H0217 | F23: 31402 | G23: 충청남도 아산시 영인면 아산호로 331 (백석포리) | I23: 041-539-8181 | J23: 041-543-8119 | L23: 23999 | M23: 그 외 기타 분류 안된 비금속 광물제품 제조업 | N23: 7210 | O23: 대전지방고용노동청 천안지청 | P23: 퍼라이트, 내화단열재, 보일러제품 등 | Q23: 121 | R23: 0 | T23: sju04093@kdiwin.com | U23: 임상윤 | V23: 매니져 | W23: 010-9734-5108 | X23: 2023 | Y23: 2023-10-05
A24: 31 | B24: (주)경일모터스 | C24: 박정분 | D24: 2788600757 | E24: H0096 | F24: 34987 | G24: 대전광역시 중구 유등천동로 324 (산성동) | I24: 042-584-2929 | J24: 042-586-0776 | L24: 95211 | M24: 자동차 종합 수리업 | N24: 7000 | O24: 대전지방고용노동청 | P24: 차량수리 및 도장업 | Q24: 13 | R24: 0 | T24: ki5842929@naver.com | U24: 안정환 | V24: 부장 | W24: 010-9282-1959 | X24: 2023 | Y24: 2023-01-31
A25: 32 | B25: (주)경화 청주지점 | C25: 정성곤 | D25: 3178505647 | E25: H0237 | F25: 28174 | G25: 충청북도 청주시 흥덕구 강내면 황탄리길 211 (황탄리) | I25: 043-232-9009 | J25: 043-232-9018 | L25: 18119 | M25: 기타 인쇄업 | N25: 7110 | O25: 대전지방고용노동청 청주지청 | P25: 후렉소용 제판 | Q25: 4 | R25: 0 | T25: khcj9009@naver.com | U25: 이정희 | W25: 010-3740-8233 | X25: 2024 | Y25: 2024-02-20
A26: 33 | B26: (주)고속모터스 | C26: 전원식 | D26: 3058164437 | E26: H0050 | F26: 34573 | G26: 대전광역시 동구 합내로 73 (가양동) | I26: 042-627-4972 | J26: 042-627-4949 | L26: 95211 | M26: 자동차 종합 수리업 | N26: 7000 | O26: 대전지방고용노동청 | P26: 차량수리 및 도장업 | Q26: 13 | R26: 0 | T26: jun9733@daum.net | U26: 정현숙 | V26: 담당 | W26: 010-4739-7282 | X26: 2023 | Y26: 2023-01-31
A27: 34 | B27: (주)관저자동차공업 | C27: 김희동 | D27: 5248701151 | E27: H0090 | F27: 34223 | G27: 대전광역시 유성구 계백로 937 (원내동) | I27: 042-544-2222 | J27: 042-544-4041 | L27: 95211 | M27: 자동차 종합 수리업 | N27: 7000 | O27: 대전지방고용노동청 | P27: 차량수리 및 도장업 | Q27: 14 | R27: 0 | T27: 8800sun@hometax.go.kr | U27: 백성수 | V27: 부장 | W27: 010-2694-0363 | X27: 2023 | Y27: 2023-01-31
A28: 35 | B28: (주)다정공업사 | C28: 김효남 | D28: 3578602873 | E28: H0040 | F28: 34352 | G28: 대전광역시 대덕구 신탄진로 1, 정비동 2층 (읍내동, 대한통운) | I28: 042-626-3884 | J28: 042-626-3885 | L28: 95211 | M28: 자동차 종합 수리업 | N28: 7000 | O28: 대전지방고용노동청 | P28: 차량수리 및 도장업 | Q28: 5 | R28: 0 | T28: dajung3885@naver.com | U28: 김효남 | V28: 김효남 | W28: 010-2050-3884 | X28: 2023 | Y28: 2023-01-31
A29: 36 | B29: (주)단해 | C29: 엄재웅 | D29: 3028502857 | E29: H0185 | F29: 29118 | G29: 충청북도 영동군 추풍령면 신안로 210-4 (지봉리, 단해공장) | I29: 043-742-7788 | J29: 043-742-9841 | L29: 29133 | M29: 탭, 밸브 및 유사 장치 제조업 | N29: 7210 | O29: 대전지방고용노동청 천안지청 | P29: 기타 공기조절장치 및 부품 | Q29: 28 | R29: 0 | T29: 3tanhay@hometax.go.kr | U29: 이기훈 | V29: 대리 | W29: 010-5716-6650 | X29: 2023 | Y29: 2023-06-27
A30: 37 | B30: (주)대명기전 보령화력본부 저탄장 옥내화사업 소방공사 | C30: 박태주 | D30: 40986183756 | E30: H0298 | F30: 33408 | G30: 충청남도 보령시 오천면 오천해안로 89-37 (오포리) | L30: 42311 | M30: 일반 전기 공사업 | N30: 7220 | O30: 대전지방고용노동청 보령지청 | P30: 건설 | Q30: 0 | R30: 0 | T30: majuk731@gmail.com | U30: 배진호 | W30: 010-5633-6739 | X30: 2024 | Y30: 2024-09-11
A31: 38 | B31: (주)대전공업사 | C31: 전준식 | D31: 3068119861 | E31: H0023 | F31: 34344 | G31: 대전광역시 대덕구 벚꽃길 86 (상서동) | I31: 042-932-9733 | J31: 042-931-8912 | L31: 95211 | M31: 자동차 종합 수리업 | N31: 7000 | O31: 대전지방고용노동청 | P31: 차량수리 및 도장업 | Q31: 17 | R31: 0 | T31: dj9733@homtax.go.kr | U31: 이해연 | V31: 공장장 | W31: 010-3365-0929 | X31: 2023 | Y31: 2023-01-31
A32: 39 | B32: (주)대화정공 | C32: 박제화 | D32: 3128131399 | E32: H0174 | F32: 31032 | G32: 충청남도 천안시 서북구 직산읍 군수1길 206-17 (군서리, 대화정공) | I32: 041-588-5600 | J32: 041-588-5603 | L32: 30320 | M32: 자동차 차체용 신품 부품 제조업 | N32: 7210 | O32: 대전지방고용노동청 천안지청 | P32: 자동차 부품 | Q32: 0 | R32: 0 | T32: dhwapu@hanmail.net | U32: 김지철 | V32: 총괄 수석부장 | W32: 010-3001-2442 | X32: 2023 | Y32: 2023-05-23
A33: 40 | B33: (주)동승 JW메리어트 동대문스퀘어서울 | C33: 정종환, 양병덕 | D33: 5888500598 | E33: H0147 | F33: 03198 | G33: 서울특별시 종로구 청계천로 279 (종로6가) | I33: 02-2276-3174 | J33: 02-2276-3001 | L33: 55101 | M33: 호텔업 | N33: 2000 | O33: 서울지방고용노동청 | P33: 숙박서비스 | Q33: 190 | R33: 0 | X33: 2023 | Y33: 2023-04-04
A34: 41 | B34: (주)동양산업이엔지 천안~아산(용곡지하차도)구간 배관이설공사 | C34: 전성오 | D34: 6108167544 | E34: H0308 | F34: 31201 | G34: 충청남도 천안시 동남구 용수골길 10-6 일원 (용곡동) | L34: 41229 | M34: 기타 토목시설물 건설업 | N34: 7210 | O34: 대전지방고용노동청 천안지청 | P34: 건설 | Q34: 28 | R34: 0 | X34: 2024 | Y34: 2024-10-21
A35: 42 | B35: (주)두원전자 | C35: 김종완 | D35: 1298118421 | E35: H0181 | F35: 31428 | G35: 충청남도 아산시 영인면 월선길 4-16 (월선리) | I35: 041-427-0021 | J35: 041-541-2122 | L35: 28119 | M35: 기타 전기 변환장치 제조업 | N35: 7210 | O35: 대전지방고용노동청 천안지청 | P35: 차량용 공조장치 | Q35: 113 | R35: 0 | T35: ldy@dwdec.kr | U35: 이동엽 | V35: 대리 | X35: 2023 | Y35: 2023-06-01
A36: 43 | B36: (주)락앤락 | C36: 이재호 | D36: 31281802120 | E36: H0158 | F36: 17553 | G36: 경기도 안성시 원곡면 만세로 1260 (지문리) | I36: 031-646-3557 | J36: 031-646-3510 | L36: 22299 | M36: 그 외 기타 플라스틱 제품 제조업 | N36: 5170 | O36: 중부지방고용노동청 평택지청 | P36: 가정용 밀폐용기 | Q36: 0 | R36: 0 | T36: wjsgk@locknlock.com | U36: 박성철 | V36: 부장 | X36: 2023 | Y36: 2023-04-20
A37: 44 | B37: (주)락앤락-별지 | E37: H0161 | Q37: 0 | R37: 0 | X37: 2023 | Y37: 2023-04-20
A38: 45 | B38: (주)마노건설 설해수림 신축공사 | C38: 정봉휘 | D38: 2118713085 | E38: H0262 | F38: 25042 | G38: 강원특별자치도 양양군 손양면 공항로 230 (동호리) | L38: 41129 | M38: 기타 비주거용 건물 건설업 | N38: 2130 | O38: 중부지방고용노동청 강릉지청 | P38: 건설 | Q38: 101 | R38: 0 | T38: jhkim1009@kakao.com | U38: 김재훈 | V38: 대리 | W38: 010-8471-8855 | X38: 2024 | Y38: 2024-05-02
A39: 46 | B39: (주)비에스비로지스틱스 | C39: 정관영 | D39: 3098601894 | E39: H0412 | F39: 17023 | G39: 경기도 용인시 처인구 포곡읍 성산로 600 (전대리) | I39: 070-4407-8500 | J39: 031-321-8149 | L39: 46319 | M39: 기타 신선식품 및 단순 가공식품 도매업 | N39: 5110 | O39: 중부지방고용노동청 경기지청 | P39: 물류 서비스 | Q39: 27 | R39: 0 | X39: 2025 | Y39: 2025-10-24
A40: 47 | B40: (주)비에스비푸드 | E40: H0427 | F40: 17553 | G40: 경기도 안성시 원곡면 지문로 203-86 (지문리) | I40: 1588-9109 | J40: 031-618-1238 | L40: 10513 | M40: 곡물 혼합분말 및 반죽 제조업 | N40: 5170 | O40: 중부지방고용노동청 평택지청 | P40: 도우 | Q40: 65 | R40: 0 | T40: ympz1013@gmail.com | U40: 이태구 | V40: 주임 | W40: 010-4034-0430 | X40: 2025 | Y40: 2025-12-23
A41: 48 | B41: (주)비츠로밀텍 | C41: 변영철, 장범수 | D41: 2078146590 | E41: H0203 | F41: 31214 | G41: 충청남도 천안시 동남구 풍세면 풍세산단로 58 (용정리) | I41: 041-529-4004 | J41: 041-529-4050 | L41: 28201 | M41: 일차전지 제조업 | N41: 7210 | O41: 대전지방고용노동청 천안지청 | P41: 일차전지 | Q41: 84 | R41: 0 | T41: hcchae@vitzromiltech.com | U41: 채희찬 | V41: 사원 | W41: 010-8533-8668 | X41: 2023 | Y41: 2023-08-22
A42: 49 | B42: (주)삼양건설환경연구소 | C42: 이의환, 박정훈 | D42: 3148164111 | E42: H0235 | F42: 35390 | G42: 대전광역시 서구 가수원로 39, 2층, 5층 (가수원동, 삼양빌딩) | I42: 042-533-6270 | J42: 042-531-6270 | L42: 72122 | M42: 환경 관련 엔지니어링 서비스업 | N42: 7000 | O42: 대전지방고용노동청 | P42: 대기질 측정, 수질 측정 | Q42: 54 | R42: 0 | T42: syeng92@hanmail.net | U42: 김명훈 | V42: 팀장 | X42: 2023 | Y42: 2023-12-27
A43: 50 | B43: (주)삼정오토메이션 | C43: 신동익 | D43: 1238141133 | E43: H0214 | F43: 18487 | G43: 경기도 화성시 동탄산단4길 9-34 (방교동, 삼정오토메이션) | I43: 031-469-3090 | J43: 031-376-3095 | L43: 29299 | M43: 자동화설비 제조업 | N43: 5110 | O43: 중부지방고용노동청 경기지청 | P43: 모터, 시스템 장비 | Q43: 75 | R43: 0 | T43: seohb@sjautomation.com | U43: 서현범 | V43: 팀장 | W43: 010-7244-2861 | X43: 2023 | Y43: 2023-09-13
A44: 51 | B44: (주)서대전공업사 | C44: 박병배, 박성권 | D44: 3148622265 | E44: H0091 | F44: 34223 | G44: 대전광역시 유성구 계백로 963 (원내동) | I44: 042-545-7181 | J44: 042-545-7184 | L44: 95211 | M44: 자동차 종합 수리업 | N44: 7000 | O44: 대전지방고용노동청 | P44: 차량수리 및 도장업 | Q44: 23 | R44: 0 | T44: sdj7184@hometax.go.kr | U44: 공수연 | V44: 공장장 | W44: 010-4878-0003 | X44: 2023 | Y44: 2023-01-31
A45: 52 | B45: (주)서일모터스 | C45: 홍성용 | D45: 5248800426 | E45: H0088 | F45: 34223 | G45: 대전광역시 유성구 유성대로 26-26 (원내동) | I45: 042-541-2282 | J45: 042-544-2282 | L45: 95211 | M45: 자동차 종합 수리업 | N45: 7000 | O45: 대전지방고용노동청 | P45: 차량수리 및 도장업 | Q45: 15 | R45: 0 | T45: love2772@hanmail.net | U45: 홍성용 | V45: 대표 | W45: 010-6335-1488 | X45: 2023 | Y45: 2023-01-31
A46: 53 | B46: (주)석면환경산업 22-육-00부대 철거공사(1130) | C46: 이두현 | D46: 1268613572 | E46: H0140 | I46: - | J46: - | L46: 42110 | M46: 건물 및 구축물 해체 공사업 | N46: 5180 | O46: 중부지방고용노동청 고양지청 | P46: 철거공사 | Q46: 12 | R46: 0 | T46: ljo4172@nate.com | X46: 2023 | Y46: 2023-03-23
A47: 54 | B47: (주)성도이엔지 cheonan Site 1 infrastructure 현장 | C47: 이언웅, 정영용 | D47: 2208110950 | E47: H0271 | F47: 31093 | G47: 충청남도 천안시 서북구 3공단1로 50 (백석동) | L47: 41122 | M47: 제조업 및 유사 산업용 건물 건설업 | N47: 7210 | O47: 대전지방고용노동청 천안지청 | P47: 건설 | Q47: 10 | R47: 0 | U47: 이귀환 | V47: 차장 | W47: 010-4878-5602 | X47: 2024 | Y47: 2024-05-30
A48: 55 | B48: (주)신이십일세기자동차정비 | C48: 김선기 | D48: 7328702839 | E48: H0216 | F48: 35283 | G48: 대전광역시 서구 대덕대로 67 (괴정동) | I48: 042-532-2121 | J48: 042-531-5465 | L48: 95211 | M48: 자동차 종합 수리업 | N48: 7000 | O48: 대전지방고용노동청 | P48: 차량수리 및 도장업 | Q48: 10 | R48: 0 | T48: jks2513@naver.com | U48: 김선기 | V48: 대표 | W48: 010-5433-5777 | X48: 2023 | Y48: 2023-09-21
A49: 56 | B49: (주)신태양 천안공장 | C49: 박용복, 박지종 | D49: 1248148819 | E49: H0007 | F49: 31032 | G49: 충청남도 천안시 서북구 직산읍 성진로 154-14 (군동리, 오송) | I49: 041-585-9571 | J49: 041-585-9570 | K49: 제조 | L49: 29294 | M49: 주형 및 금형 제조업 | N49: 7210 | O49: 대전지방고용노동청 천안지청 | P49: 자동차 부품 | Q49: 45 | R49: 0 | T49: sty2355@daum.net | U49: 박가영 | V49: 사원 | W49: 010-4611-6358 | X49: 2022 | Y49: 2022-12-22
A50: 57 | B50: (주)신태양 화성공장 | C50: 박용복, 박지종 | D50: 1248148819 | E50: H0127 | F50: 18533 | G50: 경기도 화성시 팔탄면 신양1길 39 (가재리) | I50: 031-353-9571 | J50: 031-353-9570 | L50: 29294 | M50: 주형 및 금형 제조업 | P50: 자동차 부품 | Q50: 60 | R50: 0 | T50: sty2355@daum.net | U50: 김진영 | V50: 과장 | W50: 010-4113-7536 | X50: 2023 | Y50: 2023-03-08
A51: 58 | B51: (주)쏠라딘 | C51: 송성훈 | D51: 1298663881 | E51: H0304 | F51: 18487 | G51: 경기도 화성시 동탄산단7길 98-7 (방교동) | I51: 031-8027-2816 | L51: 29271 | M51: 반도체 제조용 기계 제조업 | N51: 5110 | O51: 중부지방고용노동청 경기지청 | P51: 냉각기 | Q51: 54 | R51: 0 | T51: tax@solardin.com | U51: 윤정우 | V51: 과장 | W51: 010-2102-7824 | X51: 2024 | Y51: 2024-10-15
A52: 59 | B52: (주)쓰리디치과기공소 | C52: 원태희 | D52: 8348702116 | E52: H0143 | F52: 31156 | G52: 충청남도 천안시 서북구 불당21로 71 7층 705호(불당동) | I52: 041-555-2879 | J52: 041-555-2878 | L52: 27192 | M52: 정형 외과용 및 신체 보정용 기기 제조업 | P52: 의료, 치과용 보조창지 | Q52: 0 | R52: 0 | T52: 3ddentallab1@naver.com | U52: 김대겸 | V52: 주임 | X52: 2023 | Y52: 2023-03-29
A53: 60 | B53: (주)에스에프에이 (주)아성다이소 세종허브센터 물류자동화 구축 | C53: 김영민 | D53: 6098135227 | E53: H0347 | F53: 339871 | G53: 세종특별자치시 소정면 고등리 349 | L53: 42199 | M53: 기타 옥외 시설물 축조 관련 전문공사업 | N53: 7000 | O53: 대전지방고용노동청 | P53: 산업설비(공장 자동화), 자동화창고 | Q53: 14 | R53: 0 | T53: changhyun.moon@sfa.co.kr | U53: 문창현 | V53: 선임 | W53: 010-647-2499 | X53: 2025 | Y53: 2025-03-05
A54: 61 | B54: (주)에이치제이중공업 동자02지구 주택재개발정비사업 | C54: 홍문기 | D54: 2068523758 | E54: H0008 | F54: 41181 | G54: 대구광역시 동구 동북로73길 6 (신암동) | I54: 053-710-3799 | J54: 070-8228-1180 | L54: 41112 | M54: 아파트 건설업 | N54: 4000 | O54: 대구지방고용노동청 | P54: 건설 | Q54: 746 | R54: 0 | T54: hca2210159@hjsc.co.kr | U54: 이예진 | V54: 대리 | W54: 010-4608-4461 | X54: 2022 | Y54: 2022-12-29
A55: 62 | B55: (주)에이치제이중공업 오산 CS캠퍼스 증축 공사 | C55: 홍문기 | D55: 2068523758 | E55: H0145 | F55: 18126 | G55: 경기도 오산시 황새로 211 (가수동) | L55: 41122 | M55: 제조업 및 유사 산업용 건물 건설업 | N55: 5170 | O55: 중부지방고용노동청 평택지청 | P55: 건설 | Q55: 0 | R55: 0 | X55: 2023 | Y55: 2023-03-30
A56: 63 | B56: (주)엘앤피 | C56: 장은숙 | D56: 1198195310 | E56: H0215 | F56: 17793 | G56: 경기도 평택시 청북읍 백봉길 114-32 (어연리) | I56: 031-653-1186 | J56: 031-653-1189 | L56: 18119 | M56: 기타 인쇄업 | N56: 5170 | O56: 중부지방고용노동청 평택지청 | P56: 라벨, 스티커 등 | Q56: 28 | R56: 0 | T56: jeil112@hometax.go.kr | X56: 2023 | Y56: 2023-09-19
A57: 64 | B57: (주)엘에스티 | C57: 이관형 | D57: 3128629753 | E57: H0307 | F57: 31040 | G57: 충청남도 천안시 서북구 직산읍 4산단4로 60 (모시리) | I57: 041-583-0110 | J57: 041-555-0933 | L57: 26299 | M57: 그 외 기타 전자부품 제조업 | N57: 7210 | O57: 대전지방고용노동청 천안지청 | P57: 전자부품 | Q57: 15 | R57: 0 | T57: lst0932@homtax.go.kr | X57: 2024 | Y57: 2024-10-18
A58: 65 | B58: (주)용인종합정비 | C58: 이용인 | D58: 6598601125 | E58: H0059 | F58: 34502 | G58: 대전광역시 동구 옥천로 321 (삼정동) | I58: 042-283-4502 | J58: 042-283-4503 | L58: 95211 | M58: 자동차 종합 수리업 | N58: 7000 | O58: 대전지방고용노동청 | P58: 차량수리 및 도장업 | Q58: 11 | R58: 0 | T58: rkwk4502@daum.net | U58: 이용인 | V58: 대표 | W58: 010-9806-4502 | X58: 2023 | Y58: 2023-01-31
A59: 66 | B59: (주)원동자동차공업사검사소 | C59: 김운배 | D59: 6868101947 | E59: H0189 | F59: 34632 | G59: 대전광역시 동구 충무로209번길 81 | I59: 042-272-3737 | J59: 042-283-9033 | L59: 95211 | M59: 자동차 종합 수리업 | N59: 7000 | O59: 대전지방고용노동청 | P59: 차량수리 및 도장업 | Q59: 11 | R59: 0 | T59: kwb9033@naver.com | U59: 김운배 | V59: 대표이사 | W59: 010-6403-9033 | X59: 2023 | Y59: 2023-07-04
A60: 67 | B60: (주)월드마스터 | C60: 정규성 | D60: 4698802369 | E60: H0079 | F60: 35395 | G60: 대전광역시 서구 혜천로 22 (정림동) | I60: 042-587-5484 | J60: 042-587-5486 | L60: 95211 | M60: 자동차 종합 수리업 | N60: 7000 | O60: 대전지방고용노동청 | P60: 차량수리 및 도장업 | Q60: 12 | R60: 0 | T60: bm9226@hanmail.net | U60: 정규성 | V60: 대표 | W60: 010-6622-9226 | X60: 2023 | Y60: 2023-01-31
A61: 68 | B61: (주)월평정비검사장 | C61: 임성빈 | D61: 3148654087 | E61: H0075 | F61: 35279 | G61: 대전광역시 서구 월드컵대로484번길 148-4 (월평동) | I61: 042-528-9700 | J61: 042-528-9701 | L61: 95211 | M61: 자동차 종합 수리업 | N61: 7000 | O61: 대전지방고용노동청 | P61: 차량수리 및 도장업 | Q61: 16 | R61: 0 | T61: wp5289503@hanmail.net | U61: 임성빈 | V61: 대표 | W61: 010-5402-1367 | X61: 2023 | Y61: 2023-01-31
A62: 69 | B62: (주)웨일종합건설 | C62: 김준섭 | D62: 69481029330 | E62: H0247 | F62: 31028 | G62: 충청남도 천안시 서북구 직산읍 금곡로 52-41 (마정리) | I62: 010-3144-4803 | J62: 053-213-6517 | N62: 7210 | O62: 대전지방고용노동청 천안지청 | Q62: 0 | R62: 0 | T62: dnpdlf23@naver.com | U62: 나채호 | V62: 소장 | W62: 010-3144-4803 | X62: 2024 | Y62: 2024-03-29
A63: 70 | B63: (주)유성현대서비스 | C63: 전춘식 | D63: 3148177921 | E63: H0208 | F63: 34167 | G63: 대전광역시 유성구 한밭대로 398 (궁동) | I63: 042-824-4972 | J63: 042-824-4975 | L63: 95211 | M63: 자동차 종합 수리업 | N63: 7000 | O63: 대전지방고용노동청 | P63: 차량수리 및 도장업 | Q63: 29 | R63: 0 | T63: jjs2627@hanmail.net | U63: 정진숙 | V63: 실장 | W63: 010-8914-5794 | X63: 2023 | Y63: 2023-09-01
A64: 71 | B64: (주)유에스티 (UST CO., Ltd) | C64: 방민규 | D64: 1248720754 | E64: H0381 | F64: 18487 | G64: 경기도 화성시 동탄산단2길 50 (방교동, (주)유에스티본사) | I64: 070-7721-3770 | J64: 031-378-6694 | L64: 27216 | M64: 산업처리공정 제어장비 제조업 | N64: 5110 | O64: 중부지방고용노동청 경기지청 | P64: 반도체 부품 | Q64: 55 | R64: 0 | T64: ust@ust.co | U64: 정미선 | V64: 대리 | W64: 010-8019-6180 | X64: 2025 | Y64: 2025-05-31
A65: 72 | B65: (주)유한정밀산업 | C65: 김효석 | D65: 1258131062 | E65: H0129 | F65: 31409 | G65: 충청남도 아산시 둔포면 아산밸리로 92 (석곡리) | I65: 041-543-4743 | J65: 041-543-4745 | L65: 26299 | M65: 그 외 기타 전자 부품 제조업 | N65: 7210 | O65: 대전지방고용노동청 천안지청 | P65: 컴퓨터 케이스(금속) 및 프레스금형 제조 | Q65: 17 | R65: 0 | T65: yh2000@lgesuppliers.com | U65: 최진규 | V65: 부장 | W65: 010-3559-7341 | X65: 2023 | Y65: 2023-03-09
A66: 73 | B66: (주)정인모터스 | C66: 김원호 | D66: 1548100136 | E66: H0098 | F66: 35085 | G66: 대전광역시 중구 대둔산로 127 (안영동) | I66: 042-583-4009 | J66: 042-582-4005 | L66: 95211 | M66: 자동차 종합 수리업 | N66: 7000 | O66: 대전지방고용노동청 | P66: 차량수리 및 도장업 | Q66: 6 | R66: 0 | T66: kkukkuro@hanmail.net | U66: 이건문 | V66: 공장장 | W66: 010-3993-7890 | X66: 2023 | Y66: 2023-01-31
A67: 74 | B67: (주)제이엘모터스 | C67: 전긍수 | D67: 3148626446 | E67: H0081 | F67: 35259 | G67: 대전광역시 서구 둔산남로 50 (탄방동) | I67: 042-620-7017 | J67: 042-620-7099 | L67: 95211 | M67: 자동차 종합 수리업 | N67: 7000 | O67: 대전지방고용노동청 | P67: 차량수리 및 도장업 | Q67: 30 | R67: 0 | T67: han17th@jlrmotors.co.kr | U67: 김종민 | V67: 과장 | W67: 010-5122-7797 | X67: 2023 | Y67: 2023-01-31
A68: 75 | B68: (주)조은자동차서비스 | C68: 이희철 | D68: 8258802399 | E68: H0399 | F68: 32722 | G68: 충청남도 금산군 금산읍 인삼로 216 (신대리, 조은자동차서비스) | I68: 041-751-7600 | J68: 041-751-2494 | L68: 95211 | M68: 자동차 종합 수리업 | N68: 7000 | O68: 대전지방고용노동청 | P68: 차량수리 및 도장업 | Q68: 5 | R68: 0 | T68: yeynav@naver.com | U68: 이희철 | V68: 대표 | W68: 010-9286-6932 | X68: 2025 | Y68: 2025-08-07
A69: 76 | B69: (주)참존건설 쿠팡 CHA6 FC 대수선공사 | C69: 이동한 | D69: 2618118313 | E69: H0430 | F69: 31025 | G69: 충청남도 천안시 서북구 입장면 용정도하길 181 (용정리) | L69: 41121 | M69: 사무ㆍ상업용 및 공공기관용 건물 건설업 | N69: 7210 | O69: 대전지방고용노동청 천안지청 | P69: 건축, 건설 | Q69: 0 | R69: 0 | T69: wjgil@czci.co.kr | X69: 2026 | Y69: 2026-01-07
A70: 77 | B70: (주)청모터스 | C70: 김윤중 | D70: 3148186997 | E70: H0080 | F70: 35403 | G70: 대전광역시 서구 복수북로 1 (정림동) | I70: 042-585-9119 | J70: 042-585-8900 | L70: 95211 | M70: 자동차 종합 수리업 | N70: 7000 | O70: 대전지방고용노동청 | P70: 차량수리 및 도장업 | Q70: 9 | R70: 0 | T70: chung911900@hanmail.net | U70: 임승열 | V70: 대표 | W70: 010-5428-0540 | X70: 2023 | Y70: 2023-01-31
A71: 78 | B71: (주)케이알산업 이화공공하수처리시설 총인시설 설치사업 | C71: 박희성 | D71: 1268105325 | E71: H0144 | F71: 17851 | G71: 경기도 평택시 비전동 1001-1 | L71: 41224 | M71: 환경설비 건설업 | N71: 5170 | O71: 중부지방고용노동청 평택지청 | P71: 건설 | Q71: 18 | R71: 0 | T71: dongguk2019@naver.com | U71: 신진호 | V71: 이사(동국건설) | W71: 010-3458-0796 | X71: 2023 | Y71: 2023-03-30
A72: 79 | B72: (주)케이엔케이 | C72: 김동후 | D72: 1248694467 | E72: H0300 | F72: 18387 | G72: 경기도 화성시 기산로87번길 2 (기산동) | I72: 070-4045-0407 | J72: 031-267-0407 | L72: 26299 | M72: 그 외 기타 전자 부품 제조업 | N72: 5110 | O72: 중부지방고용노동청 경기지청 | P72: 자동화 시스템 | Q72: 60 | R72: 0 | T72: knk2@knknara.co.kr | U72: 최혜연 | V72: 대리 | W72: 010-8967-8161 | X72: 2024 | Y72: 2024-10-01
A73: 80 | B73: (주)태원종합건설 23-A-00부대시설공사 | C73: 강희용 | D73: 3028124080 | E73: H0210 | F73: 30072 | G73: 세종특별자치시 부강면 부강리 5번지 | I73: 010-5431-9709 | L73: 41129 | M73: 기타 비주거용 건물 건설업 | N73: 7000 | O73: 대전지방고용노동청 | P73: 건설 | Q73: 6 | R73: 0 | T73: gah0534@naver.com | W73: 044-868-1418 | X73: 2023 | Y73: 2023-09-05
A74: 81 | B74: (주)트리플한백 | C74: 김오순 | D74: 32588025640 | E74: H0109 | F74: 34708 | G74: 대전광역시 동구 안골로28번길 67 (구도동) | I74: 042-271-2145 | J74: 042-271-2150 | L74: 95211 | M74: 자동차 종합 수리업 | N74: 7000 | O74: 대전지방고용노동청 | P74: 차량수리 및 도장업 | Q74: 0 | R74: 0 | T74: ohsoon700@hanmail.net | U74: 김오순 | V74: 대표 | W74: 010-8822-3960 | X74: 2023 | Y74: 2023-02-14
A75: 82 | B75: (주)포레건설 평생교육원 건축공사 | C75: 문진광 | D75: 6178604550 | E75: H0148 | F75: 30090 | G75: 세종특별자치시 산울동 177-1 | I75: 010-4411-8448 | L75: 42123 | M75: 파일공사 및 축조관련 기초 공사업 | N75: 7000 | O75: 대전지방고용노동청 | P75: 건축건설공사 | Q75: 0 | R75: 0 | T75: 5432cent@naver.com | X75: 2023 | Y75: 2023-04-07
A76: 83 | B76: (주)하이드로리튬(금산지점) | C76: 전웅 | D76: 7308502523 | E76: H0319 | F76: 32715 | G76: 충청남도 금산군 추부면 금산로 2423-16 (추정리, (주)리튬플러스) | I76: 041-751-9901 | J76: 041-751-9902 | L76: 28201 | M76: 일차전지 제조업 | N76: 7000 | O76: 대전지방고용노동청 | P76: 이차전지 소재 | Q76: 0 | R76: 0 | T76: hs.kwon@hydroli.co.kr | U76: 권호순 | V76: 프로 | W76: 010-5411-8736 | X76: 2024 | Y76: 2024-11-27
A77: 84 | B77: (주)하이테크엔지니어링 군산공장, OSP-1 Project EPC | C77: 장영 | D77: 4178111835 | E77: H0292 | F77: 54008 | G77: 전북특별자치도 군산시 외항로 82 (소룡동, OCI주식회사) | L77: 41122 | M77: 제조업 및 유사 산업용 건물 건설업 | N77: 6130 | O77: 광주지방고용노동청 군산지청 | Q77: 50 | R77: 0 | T77: tax@htenc.co.kr | U77: 강대일 | V77: 차장 | W77: 010-8449-8832 | X77: 2024 | Y77: 2024-08-13
A78: 85 | B78: (주)한국종합기술 침출수 환원정화설비 2단계 설치공사 | C78: 김치헌 | D78: 1298120591 | E78: H0141 | F78: 22688 | G78: 인천광역시 서구 자원순환로 410 (백석동) | J78: 070-7589-0558 | L78: 41224 | M78: 환경설비 건설업 | N78: 5010 | O78: 중부지방고용노동청 인천북부지청 | P78: 건설 | Q78: 15 | R78: 0 | T78: kecc3300@kecc.co.kr | X78: 2023 | Y78: 2023-03-28
A79: 86 | B79: (주)한마 | C79: 강병영 | D79: 3118120865 | E79: H0150 | F79: 31806 | G79: 충청남도 당진시 면천면 산업단지길 31 (문봉리) | I79: 041-356-9355 | J79: 041-356-9356 | L79: 30320 | M79: 자동차 차체용 신품 부품 제조업 | P79: 엔진부품 | Q79: 0 | R79: 0 | T79: briankby@naver.com | U79: 강병영 | V79: 대표 | W79: 010-8777-9355 | X79: 2023 | Y79: 2023-04-07
A80: 87 | B80: (주)한스오토스 | C80: 한숭동 | D80: 3148190491 | E80: H0078 | F80: 35395 | G80: 대전광역시 서구 혜천로 36 (정림동) | I80: 042-582-4662 | J80: 042-582-4661 | L80: 95211 | M80: 자동차 종합 수리업 | N80: 7000 | O80: 대전지방고용노동청 | P80: 차량수리 및 도장업 | Q80: 12 | R80: 0 | T80: hans6279@naver.com | U80: 한숭동 | V80: 대표 | W80: 010-5457-7406 | X80: 2023 | Y80: 2023-01-31
A81: 88 | B81: 주식회사현우모터스 | C81: 조일석 | D81: 3058190707 | E81: H0053 | F81: 34700 | G81: 대전광역시 동구 대종로 27 (대성동) | I81: 042-274-4972 | J81: 042-274-4012 | L81: 95211 | M81: 자동차 종합 수리업 | N81: 7000 | O81: 대전지방고용노동청 | P81: 차량수리 및 도장업 | Q81: 6 | R81: 0 | T81: hyunwoo4210720@naver.com | U81: 조일석 | V81: 대표 | W81: 010-5421-0720 | X81: 2023 | Y81: 2023-01-31
A82: 89 | B82: (합) 신우 23-A-00부대 시설공사(1340) | C82: 김우석 | D82: 2248133576 | E82: H0285 | F82: 209807 | G82: 강원특별자치도 화천군 상서면 신대리 657 | L82: 41129 | M82: 기타 비주거용 건물 건설업 | N82: 2110 | O82: 중부지방고용노동청 강원지청 | P82: 건설 | Q82: 15 | R82: 0 | T82: sinwoo050404hanmail.net@hometax.go.kr | X82: 2024 | Y82: 2024-06-26
A83: 90 | B83: 1급 대운자동차공업사 | C83: 한미례 | D83: 7773900847 | E83: H0056 | F83: 34700 | G83: 대전광역시 동구 대전로 277-12 (대성동) | I83: 042-282-1552 | J83: 042-284-1552 | L83: 95211 | M83: 자동차 종합 수리업 | N83: 7000 | O83: 대전지방고용노동청 | P83: 차량수리 및 도장업 | Q83: 6 | R83: 0 | T83: miye2430@naver.com | U83: 김문규 | V83: 대표 | W83: 010-9554-4522 | X83: 2023 | Y83: 2023-01-31
A84: 91 | B84: 1급뉴계룡모터스 | C84: 전영근 | D84: 1462300950 | E84: H0391 | F84: 35279 | G84: 대전광역시 서구 월드컵대로484번길 82-14 (월평동) | I84: 042-538-0071 | J84: 042-538-0073 | L84: 95211 | M84: 자동차 종합 수리업 | N84: 7000 | O84: 대전지방고용노동청 | P84: 차량수리 및 도장업 | Q84: 9 | R84: 0 | U84: 전영근 | V84: 대표 | W84: 010-2494-5333 | X84: 2025 | Y84: 2025-06-25
A85: 92 | B85: 21세기모터스검사장(주) | C85: 양진형 | D85: 4798100976 | E85: H0069 | F85: 35283 | G85: 대전광역시 서구 대덕대로 69-11 (괴정동) | I85: 042-527-0203 | J85: 042-527-0005 | L85: 95211 | M85: 자동차 종합 수리업 | N85: 7000 | O85: 대전지방고용노동청 | P85: 차량수리 및 도장업 | Q85: 15 | R85: 0 | T85: 21cm0203@naver.com | U85: 양진형 | V85: 대표 | W85: 010-2448-4848 | X85: 2023 | Y85: 2023-01-31
A86: 93 | B86: JNC-TECH | C86: 정운세 | D86: 3122784384 | E86: H0275 | F86: 31408 | G86: 충청남도 아산시 음봉면 신의길 63-21 (신휴리) | I86: 041-584-4777 | J86: 041-584-7776 | K86: 제조업 | L86: 29271 | M86: 반도체 제조용 기계 제조업 | N86: 7210 | O86: 대전지방고용노동청 천안지청 | P86: 반도체장비 부품 | Q86: 6 | R86: 0 | T86: 2258jos@daum.net | U86: 이도연 | V86: 과장 | W86: 010-5237-5761 | X86: 2024 | Y86: 2024-06-10
A87: 94 | B87: S. Y테크 | C87: 손석환 | D87: 3122882821 | E87: H0166 | F87: 31002 | G87: 충청남도 천안시 서북구 성환읍 우신새터길 40 (우신리) | I87: 041-583-8305 | J87: 041-582-8305 | L87: 29271 | M87: 반도체 제조용 기계 제조업 | N87: 7210 | O87: 대전지방고용노동청 천안지청 | P87: 반도체 세정 장비 케이스 제작 | Q87: 0 | R87: 0 | T87: sonsh61@nate.com | U87: 손석환 | V87: 대표 | W87: 010-3568-8305 | X87: 2023 | Y87: 2023-05-02
A88: 95 | B88: 갑천공업사 | C88: 석용길 | D88: 3180150543 | E88: H0032 | F88: 34328 | G88: 대전광역시 대덕구 산업단지로87번길 21 (신일동) | I88: 042-623-2771 | J88: 042-935-2771 | L88: 95211 | M88: 자동차 종합 수리업 | N88: 7000 | O88: 대전지방고용노동청 | P88: 차량수리 및 도장업 | Q88: 4 | R88: 0 | T88: load2772@hometax.go.kr | U88: 석용길 | V88: 대표 | W88: 010-9447-2772 | X88: 2023 | Y88: 2023-01-31
A89: 96 | B89: 건승티앤비 | C89: 김건남 | D89: 3123271675 | E89: H0250 | F89: 31246 | G89: 충청남도 천안시 동남구 성남면 성남로 230-21 (용원리) | I89: 041-555-7260 | J89: 041-556-7261 | L89: 10796 | M89: 건강 보조용 액화식품 제조업 | N89: 7210 | O89: 대전지방고용노동청 천안지청 | P89: 건강식품 | Q89: 3 | R89: 0 | T89: sonata8715@hanmail.net | U89: 김건남 | V89: 대표 | W89: 010-9925-7260 | X89: 2024 | Y89: 2024-04-01
A90: 97 | B90: 건영포장(주) | C90: 이건승 | D90: 3128169949 | E90: H0251 | F90: 31415 | G90: 충청남도 아산시 음봉면 연암산로 42 (동암리) | I90: 041-532-5230 | J90: 041-532-3211 | L90: 16231 | M90: 목재 깔판류 및 기타 적재판 제조업 | N90: 7210 | O90: 대전지방고용노동청 천안지청 | P90: 목재 파렛트 | Q90: 23 | R90: 0 | T90: gy5230@naver.com | U90: 이재훈 | V90: 사원 | W90: 010-9429-1655 | X90: 2024 | Y90: 2024-04-03
A91: 98 | B91: 건영포장(주) 안성물류센터 | C91: 이건승 | D91: 3128169949 | E91: H0227 | F91: 17501 | G91: 경기도 안성시 양성면 이현배티길 42-12 (이현리) | I91: 041-532-5230 | J91: 041-532-3211 | L91: 16231 | M91: 목재 깔판류 및 기타 적재판 제조업 | N91: 5170 | O91: 중부지방고용노동청 평택지청 | P91: 목재 파렛트 | Q91: 4 | R91: 0 | T91: gy5230@naver.com | U91: 이재훈 | V91: 사원 | W91: 010-9429-1655 | X91: 2023 | Y91: 2023-11-12
A92: 99 | B92: 경인단조 | C92: 이대연 | D92: 1310866049 | E92: H0160 | F92: 18545 | G92: 경기도 화성시 송산면 송산서로239번길 45-35 (지화리) | I92: 031-357-3713 | J92: 031-357-3743 | L92: 25912 | M92: 금속 단조제품 제조업 | N92: 5110 | O92: 중부지방고용노동청 경기지청 | Q92: 7 | R92: 0 | T92: hshan@daeseung.me | U92: 한희순 | V92: 과장 | W92: 010-8823-4256 | X92: 2023 | Y92: 2023-04-20
A93: 100 | B93: 공주에덴요양병원 | C93: 황준경 | D93: 3079036263 | E93: H0005 | F93: 32529 | G93: 충청남도 공주시 치미마을길 4 (신관동) | I93: 041-400-7770 | J93: 041-858-7744 | L93: 86105 | M93: 요양병원 | N93: 7000 | O93: 대전지방고용노동청 | P93: 요양병원 | Q93: 40 | R93: 0 | T93: eden9900@hanmail.net | U93: 전덕숙 | V93: 원무부장 | W93: 010-9413-4667 | X93: 2022 | Y93: 2022-12-19
A94: 101 | B94: 광림자동차공업사 | C94: 배석희 | D94: 3063170903 | E94: H0135 | F94: 34344 | G94: 대전광역시 대덕구 상서당1길 50 (상서동) | I94: 042-932-7755 | J94: 042-934-9115 | L94: 95211 | M94: 자동차 종합 수리업 | N94: 7000 | O94: 대전지방고용노동청 | P94: 차량수리 및 도장업 | Q94: 5 | R94: 0 | T94: kanglimcar@hanmail.net | X94: 2023 | Y94: 2023-03-15
A95: 102 | B95: 국립농업과학원 | C95: 이승돈 | D95: 1248301818 | E95: H0102 | F95: 55365 | G95: 전라북도 완주군 이서면 농생명로 166 (금평리, 국립농업과학원) | I95: 063-238-2243 | J95: 063-238-3814 | L95: 73909 | M95: 그 외 기타 분류 안된 전문, 과학 및 기술 서비스업 | P95: 전문, 과학 및 기술 서비스 | Q95: 1297 | R95: 0 | T95: dbal8055@korea.kr | U95: 안유미 | V95: 보건관리자 | X95: 2023 | Y95: 2023-02-01
A96: 103 | B96: 국립농업과학원(별지) | E96: H0355 | Q96: 0 | R96: 0 | X96: 2025 | Y96: 2025-03-26
A97: 104 | B97: 국립축산과학원 | C97: 임기순 | D97: 1248301711 | E97: H0163 | F97: 55365 | G97: 전라북도 완주군 이서면 콩쥐팥쥐로 1500 (금평리, 국립축산과학원) | I97: 063-238-7178 | J97: 063-238-7174 | L97: 70111 | M97: 물리, 화학 및 생물학 연구개발업 | N97: 6110 | O97: 광주지방고용노동청 전주지청 | P97: 축산시험연구 | Q97: 315 | R97: 0 | T97: geace25@korea.kr | U97: 김은혜 | V97: 보건관리자 | X97: 2023 | Y97: 2023-04-26
A98: 105 | B98: 국립해양생물자원관 | C98: 최완현 | D98: 1378210048 | E98: H0260 | F98: 33662 | G98: 충청남도 서천군 장항읍 장산로101번길 75 (송림리, 국립해양생물자원관) | I98: 041-950-0680 | J98: 041-950-0682 | L98: 70119 | M98: 기타 자연과학 연구개발업 | N98: 7220 | O98: 대전지방고용노동청 보령지청 | P98: 자연개발 연구개발 | Q98: 270 | R98: 0 | X98: 2024 | Y98: 2024-04-25
A99: 106 | B99: 그린자동차공업사 | C99: 이규희 | D99: 3052115155 | E99: H0105 | F99: 34352 | G99: 대전광역시 대덕구 대전로1397번안길 67 (읍내동) | I99: 042-633-7182 | J99: 042-633-7184 | L99: 95211 | M99: 자동차 종합 수리업 | N99: 7000 | O99: 대전지방고용노동청 | P99: 차량수리 및 도장업 | R99: 0 | T99: gosi67@naver.com | U99: 이규희 | V99: 대표 | W99: 010-5403-1513 | X99: 2023 | Y99: 2023-02-09
A100: 107 | B100: 그린자동차정비공업 주식회사 | C100: 이상진 | D100: 2878102958 | E100: H0205 | F100: 31763 | G100: 충청남도 당진시 송산로 60 (원당동) | I100: 041-357-0119 | J100: 041-354-2596 | L100: 95211 | M100: 자동차 종합 수리업 | N100: 7210 | O100: 대전지방고용노동청 천안지청 | P100: 차량수리 및 도장업 | Q100: 0 | R100: 0 | T100: green5427@hanmail.net | U100: 김대석 | V100: 상무 | W100: 010-4763-2239 | X100: 2023 | Y100: 2023-08-24
...

Sheet 사업장현황(25하)
A1: 사 업 장 명 | B1: 대표자 | C1: 관할청 | D1: 주소 | E1: 업종 | F1: 전화번호 | G1: Fax | H1: 담당자 | I1: 직책 | J1: 휴대폰 | K1: 계산서 e-mail | L1: 담당자 e-mail | M1: 사업자번호 | N1: 산재관리번호 | P1: 22하 | Q1: 23상 | R1: 23하 | S1: 24상 | T1: 24하 | U1: 25상 | V1: 25하 | W1: 26상 | X1: 사업장코드 | Y1: 24
A2: (주)마노건설 설해수림 신축공사 | B2: 정봉휘 | C2: 강릉 | D2: 강원특별자치도 양양군 손양면 공항로 230 (동호리) | E2: 건설 | H2: 박현규 | I2: 부장 | J2: 010-3958-0133 | K2: phg102818@daum.net | L2: phg102818@daum.net | M2: 2118713085 | N2: 21187130856 | R2: 신규 | S2: 45414 | T2: 45594 | U2: 45776 | V2: 45961 | W2: t | X2: H0262
A3: 아로마라인 주식회사 | B3: 이동현 | C3: 성남 | D3: 경기도 성남시 중원구 둔촌대로466번길 16 (상대원동) | E3: 제조 | F3: 031-734-7744 | G3: 031-734-7747 | H3: 박가람 | I3: 사원 | J3: 010-2039-1879 | K3: csflim@csfood.com | L3: csflim@csfood.com | M3: 1298147173 | N3: 12981471730 | Q3: 신규 | R3: 45611 | S3: 45447 | T3: 횟수조정 | U3: 45828 | V3: 횟수조정 | W3: t | X3: H0230
A4: 중앙대학교 다빈치캠퍼스 | B4: 박상규 | C4: 평택 | D4: 경기도 안성시 대덕면 서동대로 4726 (내리, 중앙대학교) | E4: 교육 | F4: 031-670-4962 | G4: 031-676-8237 | H4: 유태준 | J4: 010-6556-7900 | K4: tjryu@cau.ac.kr | L4: tjryu@cau.ac.kr | M4: 1088201221 | N4: 10882012210 | Q4: 타기관 신규 | R4: 45625 | S4: 45440 | T4: 45646 | U4: 45800 | V4: 46000 | W4: t | X4: H0232
A5: 건영포장(주) 안성물류센터 | B5: 이건승 | C5: 평택 | D5: 경기도 안성시 양성면 이현배티길 42-12 (이현리) | E5: 제조 | F5: 041-532-5230 | G5: 041-532-3211 | H5: 이재훈 | I5: 사원 | J5: 010-9429-1655 | K5: gy5230@naver.com | L5: gy5230@naver.com | M5: 3128169949 | N5: 31281699490 | Q5: 신규 | R5: 45606 | S5: 45425 | T5: 45631 | U5: 횟수조정 | V5: 45950 | W5: 횟수조정 | X5: H0227
A6: 한경국립대학교 | B6: 이원희 | C6: 평택 | D6: 경기도 안성시 중앙로 327 (석정동, 한경대학교) | E6: 교육 | F6: 031-8046-4122 | H6: 박서완 | I6: 주무관 | J6: 010-5195-7028 | K6: 나라장터 | L6: yuzen007@hknu.ac.kr | M6: 1258300530 | N6: 90700144261 | R6: 타기관 신규 | S6: 45391 | T6: 12/3, 10 | U6: 6/9, 13 | V6: 45959 | W6: t | X6: H0254
A7: (주)엘앤피 | B7: 장은숙 | C7: 평택 | D7: 경기도 평택시 청북읍 백봉길 114-32 (어연리) | E7: 인쇄 | F7: 031-653-1186 | G7: 031-653-1189 | H7: 곽태경 | J7: 010-2538-4319 | K7: jeil112@hanmail.net | L7: uridle78@naver.com | M7: 1198195310 | N7: 11981953100 | Q7: 타기관 신규 | R7: 45554 | S7: 45425 | T7: 45545 | U7: 45736 | V7: 횟수조정 | W7: t | X7: H0215
A8: 제이비엘(JEIL BEST LABEL) | B8: 김영구 | C8: 평택 | D8: 경기도 평택시 청북읍 백봉길 114-32 (어연리) | E8: 인쇄 | F8: 031-653-1186 | G8: 031-653-1189 | H8: 곽태경 | J8: 010-2538-4319 | K8: jeil112@hanmail.net | L8: uridle78@naver.com | M8: 2180124712 | N8: 21801247120 | P8: 타기관 신규 | Q8: 45436 | R8: 45554 | S8: 45425 | T8: 45545 | U8: 45736 | V8: 횟수조정 | W8: t | X8: H0176
A9: (주)삼정오토메이션 | B9: 신동익 | C9: 경기 | D9: 경기도 화성시 동탄산단4길 9-34 (방교동) | E9: 제조 | F9: 031-469-3090 | G9: 031-376-3095 | H9: 백유현 | I9: 대리 | J9: 010-4745-3840 | K9: seohb@sjautomation.com | L9: seohb@sjautomation.com | M9: 1238141133 | N9: 12381411330 | Q9: 신규 | R9: 45548 | S9: 45455 | T9: 45618 | U9: 45798 | V9: 횟수조정 | W9: t | X9: H0214
A10: 주식회사 승일금속 | B10: 유하선 | C10: 경기 | D10: 경기도 화성시 송산면 송산서로239번길 27-35, C동 (지화리) | E10: 제조 | F10: 031-357-3713 | G10: 031-357-3743 | H10: 한희순 | I10: 과장 | J10: 010-8823-4256 | K10: hshan@daeseung.me | L10: hshan@daeseung.me | M10: 4388103502 | N10: 43881035020 | R10: 신규 | S10: 45369 | T10: 45546 | U10: 횟수조정 | V10: 45931 | W10: 횟수조정 | X10: H0244
A11: 오다금속 주식회사 | B11: 최석재 | C11: 경기 | D11: 경기도 화성시 송산면 송산서로239번길 45-33 (지화리) | E11: 제조 | F11: 031-356-4596 | G11: 031-356-4597 | H11: 김청미 | J11: 010-2286-8023 | K11: odm8684@naver.com | L11: odm8684@naver.com | M11: 7328701183 | N11: 73287011830 | R11: 타기관 신규 | S11: 45390 | T11: 45546 | U11: 45726 | V11: 45930 | W11: t | X11: H0253
A12: 경인단조 | B12: 이대연 | C12: 경기 | D12: 경기도 화성시 송산면 송산서로239번길 45-35 (지화리) | E12: 제조 | F12: 031-357-3713 | G12: 031-357-3743 | H12: 한희순 | I12: 과장 | J12: 010-8823-4256 | K12: hshan@daeseung.me | L12: hshan@daeseung.me | M12: 1310866049 | N12: 13108660490 | P12: 타기관 신규 | Q12: 45402 | R12: 45598 | S12: 45369 | T12: 45546 | U12: 45726 | V12: 45930 | W12: t | X12: H0160
A13: 주식회사 대승금속 | B13: 이대연 | C13: 경기 | D13: 경기도 화성시 송산면 송산서로239번길 45-35 (지화리) | E13: 제조 | F13: 031-357-3713 | G13: 031-357-3743 | H13: 한희순 | I13: 과장 | J13: 010-8823-4256 | K13: hshan@daeseung.me | L13: hshan@daeseung.me | M13: 1408166823 | N13: 14081668230 | P13: 타기관 신규 | Q13: 45402 | R13: 45598 | S13: 45369 | T13: 45546 | U13: 45726 | V13: 45930 | W13: t | X13: H0159
A14: (주)신태양 화성공장 | B14: 박용복, 박지종 | C14: 경기 | D14: 경기도 화성시 팔탄면 신양1길 39 (가재리) | E14: 제조 | F14: 031-353-9571 | G14: 031-353-9570 | H14: 이명섭 | I14: 공장장 | J14: 010-8913-6228 | K14: sty2355@daum.net | L14: sty2355@hanmail.net | M14: 1248148819 | N14: 12481488190 | P14: 타기관 신규 | Q14: 45358 | R14: 45542 | S14: 45383 | T14: 45589 | U14: 45744 | V14: 45930 | W14: t | X14: H0127
A15: 주식회사 리한 | B15: 박지훈, 이학선 | C15: 경기 | D15: 경기도 화성시 팔탄면 온천로 16-16 (덕우리) | E15: 제조 | F15: 031-831-2250 | H15: 박종화 | I15: 팀장 | J15: 010-8856-9846 | K15: jonghpark@leehan.com | L15: jonghpark@leehan.com | M15: 1238122214 | N15: 12381222140 | R15: 타기관 신규 | S15: 45457 | T15: 45616 | U15: 45785 | V15: 45965 | W15: t | X15: H0279
A16: 주식회사 와이에이치프라텍 | B16: 김춘규 | C16: 경기 | D16: 경기도 화성시 향남읍 토성로359번길 31 (길성리) | E16: 제조 | F16: 070-8862-7322 | G16: 031-353-7322 | H16: 김춘규 | I16: 대표 | L16: 이주형 지인 사업장 | M16: 1258628830 | N16: 12586288300 | R16: 타기관 신규 | S16: 45422 | T16: 45518 | U16: 45743 | V16: 45931 | W16: 횟수조정 | X16: H0266
A17: 뉴 서울모터스 | B17: 최봉환 | C17: 대전 | D17: 대전광역시 대덕구 갑천도시고속도로 1079 (신대동) | E17: 공업사 | F17: 042-627-4143 | G17: 042-627-4148 | H17: 최봉환 | I17: 대표 | J17: 010-5408-2244 | K17: NS24866@daum.net | L17: NS24866@daum.net | M17: 3030524866 | N17: 30305248660 | P17: 타기관 신규 | Q17: 45387 | R17: 45581 | S17: 45401 | T17: 45540 | U17: 45715 | V17: 45888 | W17: t | X17: H0028
A18: 대청모터스 | B18: 강윤구 | C18: 대전 | D18: 대전광역시 대덕구 대덕대로 1400 (신일동) | E18: 공업사 | F18: 042-931-8935 | G18: 042-931-8936 | H18: 강윤구 | I18: 대표 | J18: 010-9959-8989 | K18: kuk9029@hanmail.net | L18: kuk9029@hanmail.net | M18: 3142044036 | N18: 31420440360 | P18: 타기관 신규 | Q18: 45350 | R18: 45532 | S18: 45349 | T18: 45502 | U18: 45670 | V18: 45859 | W18: t | X18: H0120
A19: 주식회사 신탄특장자동차 | B19: 이창순 | C19: 대전 | D19: 대전광역시 대덕구 대덕대로 1403-1 (문평동) | E19: 공업사 | F19: 042-933-1515 | G19: 042-934-7988 | H19: 조중훈 | I19: 관리부장 | J19: 010-6404-5608 | K19: sttj1001@naver.com | L19: sttj1001@naver.com | M19: 6688601380 | N19: 66886013800 | R19: 타기관 신규 | S19: 45461 | T19: 45582 | U19: 45734 | V19: 45891 | W19: t | X19: H0280
A20: 주식회사 북대전현대상용서비스 | B20: 정진숙 | C20: 대전 | D20: 대전광역시 대덕구 대전로 1324 (읍내동) | E20: 공업사 | F20: 042-634-1122 | G20: 042-631-6705 | H20: 홍준호 | I20: 이사 | J20: 010-9234-8630 | K20: bdj3728@naver.com | L20: bdj3728@naver.com | M20: 3728802425 | N20: 92230124771 | P20: 타기관 신규 | Q20: 45346 | R20: 45534 | S20: 45371 | T20: 45513 | U20: 45699 | V20: 45880 | W20: t | X20: H0045
A21: 태경자동차종합정비 | B21: 윤경수 | C21: 대전 | D21: 대전광역시 대덕구 대전로 1419 (읍내동) | E21: 공업사 | F21: 042-624-0359 | G21: 042-624-0350 | H21: 윤경수 | I21: 대표 | J21: 010-6402-0359 | K21: tk0359@hanmail.net | L21: tk0359@hanmail.net | M21: 3210400394 | N21: 32104003940 | P21: 타기관 신규 | Q21: 45345 | R21: 45513 | S21: 45364 | T21: 45513 | U21: 45699 | V21: 45880 | W21: t | X21: H0044
A22: 명성자동차공업사 | B22: 김기범 외 1명 | C22: 대전 | D22: 대전광역시 대덕구 대전로 1433 (읍내동) | E22: 공업사 | F22: 042-639-2987 | G22: 042-637-2987 | H22: 김기범 | I22: 대표 | J22: 010-3903-2987 | K22: kbkim@hanmail.net | L22: kbkim@hanmail.net | M22: 3052587486 | N22: 30525874860 | P22: 타기관 신규 | Q22: 45360 | R22: 45539 | S22: 45448 | T22: 45541 | U22: 45702 | V22: 45889 | W22: t | X22: H0043
A23: 일급대동자동차공업사 | B23: 지용출 | C23: 대전 | D23: 대전광역시 대덕구 대전로 1431 (읍내동) | E23: 공업사 | F23: 042-935-8181 | G23: 042-935-2345 | H23: 지혁 | I23: 부장 | J23: 010-5423-5389 | K23: yyong1404@hanmail.net | L23: yyong1404@hanmail.net | M23: 3141072983 | N23: 31410729830 | P23: 타기관 신규 | Q23: 45360 | R23: 45539 | S23: 45364 | T23: 45589 | U23: 45702 | V23: 45889 | W23: t | X23: H0042
A24: 한미타올(주) | B24: 여기석 | C24: 대전 | D24: 대전광역시 대덕구 대전로1331번길 50 (읍내동, 한미타올) | E24: 제조 | F24: 042-625-4145 | G24: 042-625-4147 | H24: 조한경 | I24: 상무 | J24: 010-8815-6316 | K24: hanmiacc4141@daum.net | L24: chk8534@hanmail.net | M24: 3068104878 | N24: 30681048780 | R24: 타기관 신규 | S24: 45455 | T24: 45603 | U24: 45785 | V24: 45968 | W24: t | X24: H0274
A25: 세광자동차공업사 | B25: 권형철 | C25: 대전 | D25: 대전광역시 대덕구 대전로1397번안길 54 (읍내동) | E25: 공업사 | F25: 042-623-8252 | G25: 042-623-8251 | H25: 권형철 | I25: 대표 | J25: 010-6432-0782 | K25: 79kwohc@naver.com | L25: 79kwohc@naver.com | M25: 4011261649 | N25: 40112616490 | P25: 타기관 신규 | Q25: 45345 | R25: 45525 | S25: 45345 | T25: 45505 | U25: 45670 | V25: 45859 | W25: t | X25: H0041
A26: 그린자동차공업사 | B26: 이규희 | C26: 대전 | D26: 대전광역시 대덕구 대전로1397번안길 67 (읍내동) | E26: 공업사 | F26: 042-633-7182 | G26: 042-633-7184 | H26: 이규희 | I26: 대표 | J26: 010-5403-1513 | K26: gosi67@naver.com | L26: gosi67@naver.com | M26: 3052115155 | N26: 30521151550 | P26: 신규 | Q26: 45329 | R26: 45513 | S26: 45433 | T26: 45589 | U26: 45702 | V26: 45902 | W26: t | X26: H0105
A27: 삼우자동차정비(자) | B27: 최남식 | C27: 대전 | D27: 대전광역시 대덕구 대화로 101 (대화동) | E27: 공업사 | F27: 042-627-5600 | G27: 042-627-2995 | H27: 최남식 | I27: 대표 | J27: 010-5424-9766 | K27: cns5600@bill36524.com | L27: ksjs1108@nate.com | M27: 3068131720 | N27: 30681317200 | P27: 타기관 신규 | Q27: 45338 | R27: 45521 | S27: 45341 | T27: 45506 | U27: 45673 | V27: 45861 | W27: t | X27: H0112
A28: 대성공업사 | B28: 이기태 외 1명 | C28: 대전 | D28: 대전광역시 대덕구 대화로 16 (대화동) | E28: 공업사 | F28: 042-624-7771 | G28: 042-633-2688 | H28: 이기태 | I28: 대표 | J28: 010-3408-7777 | K28: ds6247771@naver.com | L28: ds6247771@naver.com | M28: 3062971855 | N28: 30629718550 | P28: 타기관 신규 | Q28: 45332 | R28: 45529 | S28: 45342 | T28: 45504 | U28: 45671 | V28: 45860 | W28: t | X28: H0020
A29: 대성모터스 | B29: 박종대 | C29: 대전 | D29: 대전광역시 대덕구 대화로 16 (대화동) | E29: 공업사 | F29: 042-636-0363 | G29: 042-636-0364 | H29: 박종대 | I29: 대표 | J29: 010-5092-0364 | K29: pppt0364@hanmail.net | L29: pppt0364@hanmail.net | M29: 3051899553 | N29: 30518995530 | P29: 타기관 신규 | Q29: 45332 | R29: 45529 | S29: 45342 | T29: 45504 | U29: 45671 | V29: 45860 | W29: t | X29: H0021
A30: 시온모터스 | B30: 지봉춘 | C30: 대전 | D30: 대전광역시 대덕구 대화로 16, 지하층 (대화동) | E30: 공업사 | F30: 042-672-7588 | G30: 042-672-7688 | H30: 지봉춘 | I30: 대표이사 | J30: 010-9548-7588 | K30: wlqhdcns12@naver.com | L30: wlqhdcns12@naver.com | M30: 4162593328 | N30: 41625933280 | R30: 신규 | S30: 45394 | T30: 45504 | U30: 45671 | V30: 횟수조정 | W30: t | X30: H0258
A31: 우정공업사 | B31: 정형기 | C31: 대전 | D31: 대전광역시 대덕구 대화로 24 (대화동) | E31: 공업사 | F31: 042-627-6100 | G31: 042-627-6101 | H31: 한성수 | I31: 부장 | J31: 010-2967-1900 | K31: jhg1128@hanmail.net | L31: jhg1128@hanmail.net | M31: 3141420824 | N31: 31414208240 | P31: 타기관 신규 | Q31: 45338 | R31: 45521 | S31: 45341 | T31: 45509 | U31: 45673 | V31: 45861 | W31: t | X31: H0018
A32: 중문공업사 | B32: 박흥기 | C32: 대전 | D32: 대전광역시 대덕구 대화로119번길 17 (대화동) | E32: 공업사 | F32: 042-633-7778 | G32: 0505-116-3123 | H32: 박흥기 | I32: 대표 | J32: 010-3118-9678 | K32: yhr2100@daum.net | L32: yhr2100@daum.net | M32: 3060321618 | N32: 30603216180 | P32: 타기관 신규 | Q32: 45338 | R32: 45490 | S32: 45342 | T32: 45506 | U32: 45673 | V32: 45861 | W32: t | X32: H0016
A33: 주식회사 정일모터스 | B33: 이정열 | C33: 대전 | D33: 대전광역시 대덕구 대화로32번길 217 (대화동) | E33: 공업사 | F33: 042-633-1311 | G33: 042-633-8484 | H33: 이상영 | I33: 공장장 | J33: 010-9553-2255 | K33: jim1811@daum.net | L33: jim1811@hanmail.net | M33: 7218800255 | N33: 72188002550 | P33: 타기관 신규 | Q33: 45339 | R33: 45522 | S33: 45328 | T33: 45506 | U33: 45678 | V33: 45863 | W33: t | X33: H0011
A34: 안전자동차정비공업사 | B34: 조경애 | C34: 대전 | D34: 대전광역시 대덕구 대화로32번길 223 (대화동) | E34: 공업사 | F34: 042-636-3530 | G34: 042-625-3530 | H34: 박선홍 | I34: 공장장 | J34: 010-4412-4118 | K34: sjh353000@hanmail.net | L34: sjh353000@hanmail.net | M34: 3052599003 | N34: 30525990030 | P34: 타기관 신규 | Q34: 45339 | R34: 45522 | S34: 45328 | T34: 45506 | U34: 45678 | V34: 45863 | W34: t | X34: H0012
A35: 동아자동차기업 주식회사 | B35: 박종길 | C35: 대전 | D35: 대전광역시 대덕구 대화로50번길 96 (대화동) | E35: 공업사 | F35: 042-626-1800 | G35: 042-631-0425 | H35: 우종만 | I35: 부사장 | J35: 010-9624-1800 | K35: jjong2347@hanmail.net | L35: jjong2347@hanmail.net | M35: 5678103213 | N35: 56781032130 | P35: 타기관 신규 | Q35: 45332 | R35: 45529 | S35: 45341 | T35: 45505 | U35: 45671 | V35: 45859 | W35: t | X35: H0340
A36: 한반도1급자동차공업사 | B36: 홍돈기 | C36: 대전 | D36: 대전광역시 대덕구 대화로52번길 162 (대화동) | E36: 공업사 | F36: 042-625-1919 | G36: 042-625-5262 | H36: 홍돈기 | I36: 대표 | J36: 010-4472-7913 | K36: ddd0225@naver.com | L36: ddd0225@naver.com | M36: 3180131226 | N36: 31801312260 | P36: 타기관 신규 | Q36: 45388 | R36: 45582 | S36: 45394 | T36: 45505 | U36: 45671 | V36: 45860 | W36: t | X36: H0015
A37: 선우기업동부사업소 | B37: 박준혁 | C37: 대전 | D37: 대전광역시 대덕구 대화로52번안길 104 (대화동) | E37: 공업사 | F37: 042-627-0094 | G37: 042-637-8272 | H37: 박준혁 | I37: 대표 | J37: 010-5258-1175 | K37: lsyjump@naver.com | L37: lsyjump@naver.com | M37: 3053255662 | N37: 30532556620 | P37: 타기관 신규 | Q37: 45338 | R37: 45529 | S37: 45342 | T37: 45506 | U37: 45698 | V37: 45875 | W37: t | X37: H0017
A38: 대화자동차공업사 | B38: 김성환 | C38: 대전 | D38: 대전광역시 대덕구 대화로52번안길 34 (대화동) | E38: 공업사 | F38: 042-635-0051 | G38: 042-635-0055 | H38: 이윤경 | I38: 과장 | J38: 010-9271-9308 | K38: khssi@daum.net | L38: khssi@daum.net | M38: 3052481428 | N38: 30524814280 | P38: 타기관 신규 | Q38: 45343 | R38: 45522 | S38: 45341 | T38: 45506 | U38: 45678 | V38: 45863 | W38: t | X38: H0014
A39: 명품모터스 | B39: 오치구 | C39: 대전 | D39: 대전광역시 대덕구 대화로52번안길 40 (대화동) | E39: 공업사 | F39: 042-637-4971 | G39: 042-637-4970 | H39: 오치구 | I39: 대표 | J39: 010-6425-9234 | K39: mp4971@naver.com | L39: mp4971@naver.com | M39: 3052862491 | N39: 30528624910 | P39: 타기관 신규 | Q39: 45452 | R39: 45584 | S39: 45401 | T39: 45537 | U39: 45698 | V39: 45875 | W39: t | X39: H0175
A40: 창신모터스 | B40: 차주용 | C40: 대전 | D40: 대전광역시 대덕구 대화로52번안길 76 (대화동) | E40: 공업사 | F40: 042-623-6266 | G40: 042-623-7359 | H40: 차주용 | I40: 대표 | J40: 010-5455-7359 | K40: ckwndyd2548@naver.com | L40: ckwndyd2548@naver.com | M40: 3052331936 | N40: 92336241771 | P40: 타기관 신규 | Q40: 45332 | R40: 미실시 | S40: 45394 | T40: 45537 | U40: 45698 | V40: 45875 | W40: t | X40: H0259
A41: 동성1급자동차공업사 | B41: 최미정 | C41: 대전 | D41: 대전광역시 대덕구 덕암로118번길 12 (상서동) | E41: 공업사 | G41: 042-933-9969 | H41: 황진동 | I41: 대표 | J41: 010-6424-9969 | K41: ml3995@naver.com | L41: ml3995@naver.com | M41: 7585000517 | N41: 75850005170 | P41: 신규 | Q41: 45329 | R41: 45526 | S41: 45433 | T41: 45545 | U41: 45791 | V41: 45903 | W41: t | X41: H0104
A42: 태양아트 | B42: 김진덕 | C42: 대전 | D42: 대전광역시 대덕구 방두말3길 14 (평촌동) | E42: 공업사 | F42: 042-933-5197 | G42: 042-935-3738 | H42: 김진덕 | I42: 대표 | J42: 010-5402-4885 | K42: sunart100@naver.com | L42: sunart100@naver.com | M42: 3060322733 | N42: 30603227330 | P42: 타기관 신규 | Q42: 45367 | R42: 45557 | S42: 45433 | T42: 45539 | U42: 45733 | V42: 45889 | W42: t | X42: H0049
A43: 주식회사현대카독크 | B43: 이정희 | C43: 대전 | D43: 대전광역시 대덕구 벚꽃길 100 (상서동) | E43: 공업사 | F43: 042-932-0607 | G43: 042-932-6315 | H43: 서승현 | I43: 실장 | J43: 010-3613-1895 | K43: bsd0298@naver.com | L43: bsd0298@naver.com | M43: 3148134335 | N43: 31481343350 | Q43: 타기관 신규 | R43: 45479 | S43: 45322 | T43: 45505 | U43: 45672 | V43: 45860 | W43: t | X43: H0191
A44: (주)대전공업사 | B44: 전준식 | C44: 대전 | D44: 대전광역시 대덕구 벚꽃길 86 (상서동) | E44: 공업사 | F44: 042-932-9733 | G44: 042-931-8912 | H44: 전준식 | I44: 대표 | J44: 010-2484-8495 | K44: dj9733@naver.com | L44: dj9733@naver.com | M44: 3068119861 | N44: 30681198610 | P44: 타기관 신규 | Q44: 45329 | R44: 횟수조정 | S44: 45324 | T44: 횟수조정 | U44: 45674 | V44: 횟수조정 | W44: t | X44: H0023
A45: 티에스모터스 주식회사 | B45: 김충연 | C45: 대전 | D45: 대전광역시 대덕구 벚꽃길 86 (상서동) | E45: 공업사 | F45: 042-933-2871 | G45: 042-933-2873 | H45: 김충연 | I45: 대표 | J45: 010-2484-8495 | K45: kcy4130@naver.com | L45: kcy4130@naver.com | M45: 7428601937 | N45: 74286019370 | Q45: 신규 | R45: 45526 | S45: 45324 | T45: 45505 | U45: 45674 | V45: 45876 | W45: t | X45: H0204
A46: 두리모터스 | B46: 김천호 | C46: 대전 | D46: 대전광역시 대덕구 산업단지로 92-16 (신일동) | E46: 공업사 | F46: 042-934-0277 | G46: 042-934-0278 | H46: 황선희 | J46: 010-9989-4864 | K46: drmotors0277@naver.com | L46: drmotors0277@naver.com | M46: 6294700811 | N46: 62947008110 | P46: 타기관 신규 | Q46: 45473 | R46: 45584 | S46: 45349 | T46: 45502 | U46: 45670 | V46: 45859 | W46: t | X46: H0196
A47: 갑천공업사 | B47: 석용길 | C47: 대전 | D47: 대전광역시 대덕구 산업단지로87번길 21 (신일동) | E47: 공업사 | F47: 042-623-2771 | G47: 042-935-2771 | H47: 석용길 | I47: 대표 | J47: 010-9447-2772 | K47: load2772@hometax.go.kr | L47: 보고서 이메일전송 원하지 않음 | M47: 3180150543 | N47: 31801505430 | P47: 타기관 신규 | Q47: 45367 | R47: 45557 | S47: 45414 | T47: 45510 | U47: 45673 | V47: 45862 | W47: t | X47: H0032
A48: 덕승1급자동차공업사 | B48: 최내수 | C48: 대전 | D48: 대전광역시 대덕구 산업단지로87번길 21 (신일동) | E48: 공업사 | F48: 042-931-0014 | G48: 042-934-0054 | H48: 최내수 | I48: 대표 | J48: 010-4433-5254 | K48: ds0014@bill36524.com | L48: doek0014@daum.net | M48: 3142472092 | N48: 31424720920 | P48: 타기관 신규 | Q48: 45368 | R48: 45557 | S48: 45414 | T48: 45510 | U48: 45673 | V48: 45862 | W48: t | X48: H0031
A49: 한마음자동차공업사 | B49: 신용관 | C49: 대전 | D49: 대전광역시 대덕구 상서당1길 18 (상서동) | E49: 공업사 | F49: 042-932-5828 | G49: 042-933-5828 | H49: 신용관 | I49: 대표 | J49: 010-3443-5828 | K49: hanmaum5828@gmail.com | L49: hanmaum5828@gmail.com | M49: 3180124593 | N49: 31801245930 | P49: 타기관 신규 | Q49: 45366 | R49: 45549 | S49: 45387 | T49: 45589 | U49: 45749 | V49: 45903 | W49: t | X49: H0026
A50: 한돌기업주식회사 | B50: 박종안 | C50: 대전 | D50: 대전광역시 대덕구 상서당1길 22-4 (상서동) | E50: 공업사 | F50: 042-535-1096 | G50: 042-273-1007 | H50: 김재봉 | I50: 상무 | J50: 010-3805-2840 | K50: HANDOL@hometax.go.kr | L50: handolmotors@gmail.com | M50: 3148632706 | N50: 31486327060 | P50: 신규 | Q50: 45335 | R50: 45511 | S50: 45322 | T50: 화재 | U50: 45705 | V50: 45891 | W50: t | X50: H0108
A51: 봉황자동차공업사 | B51: 김경식 | C51: 대전 | D51: 대전광역시 대덕구 상서당1길 22-4 (상서동) | E51: 공업사 | F51: 042-933-1551 | G51: 042-933-1661 | H51: 김근영 | J51: 010-3440-3583 | K51: ksk373200@naver.com | L51: ksk373200@naver.com | M51: 5172500893 | N51: 51725008930 | P51: 타기관 신규 | Q51: 45349 | R51: 45511 | S51: 45322 | T51: 화재 | U51: 45705 | V51: 횟수조정 | W51: t | X51: H0025
A52: 광림자동차공업사 | B52: 배석희 | C52: 대전 | D52: 대전광역시 대덕구 상서당1길 50 (상서동) | E52: 공업사 | F52: 042-932-7755 | G52: 042-934-9115 | H52: 배석희 | I52: 대표 | J52: 010-4531-0228 | K52: kanglimcar@hanmail.net | L52: kanglimcar@hanmail.net | M52: 3063170903 | N52: 30631709030 | P52: 타기관 신규 | Q52: 45366 | R52: 45528 | S52: 45350 | T52: 45509 | U52: 45672 | V52: 45860 | W52: t | X52: H0135
A53: 한국지엠신탄진서비스센터(주) | B53: 오재영 | C53: 대전 | D53: 대전광역시 대덕구 상서당1길 7 (상서동) | E53: 공업사 | F53: 042-932-9176 | G53: 042-931-7849 | H53: 조득래 | I53: 부장 | J53: 010-2432-9176 | K53: yuyeu@hanmail.net | L53: yuyeu@hanmail.net | M53: 3068122347 | N53: 30681223470 | P53: 타기관 신규 | Q53: 45400 | R53: 45620 | S53: 45387 | T53: 45583 | U53: 45769 | V53: 45903 | W53: t | X53: H0024
A54: 제이에스모터스 | B54: 김진철 | C54: 대전 | D54: 대전광역시 대덕구 상서당2길 15 (상서동) | E54: 공업사 | F54: 042-935-4477 | G54: 042-936-7744 | H54: 김진철 | I54: 대표 | J54: 010-5438-3301 | K54: jahee0125@naver.com | L54: jahee0125@naver.com | M54: 1922100212 | N54: 19221002120 | P54: 타기관 신규 | Q54: 45349 | R54: 45528 | S54: 45350 | T54: 45509 | U54: 45681 | V54: 45882 | W54: t | X54: H0115
A55: 주식회사 대전종합모터스 | B55: 이동건 | C55: 대전 | D55: 대전광역시 대덕구 상서당2길 29 (상서동) | E55: 공업사 | F55: 042-935-2113 | G55: 042-935-2115 | H55: 이동건 | I55: 대표 | J55: 010-2820-4538 | K55: dj7057@naver.com | L55: dj7057@naver.com | M55: 3448800039 | N55: 34488000390 | P55: 타기관 신규 | Q55: 45349 | R55: 45528 | S55: 45350 | T55: 45509 | U55: 45705 | V55: 45882 | W55: t | X55: H0113
A56: 주식회사 대영1급자동차공업사 | B56: 한동철, 전욱진 | C56: 대전 | D56: 대전광역시 대덕구 상서당3길 27-1 (상서동) | E56: 공업사 | F56: 042-936-0086 | G56: 042-936-0097 | H56: 최윤정 | I56: 실장 | J56: 010-2781-6547 | K56: cyj1072@gmail.com | L56: cyj1072@gmail.com | M56: 3148626636 | N56: 31486266360 | P56: 타기관 신규 | Q56: 45335 | R56: 45511 | S56: 45322 | T56: 45505 | U56: 45672 | V56: 45860 | W56: t | X56: H0027
A57: 주식회사 대우대덕정비사업소 | B57: 박채은 | C57: 대전 | D57: 대전광역시 대덕구 신일동로 7 (신일동) | E57: 공업사 | F57: 042-935-0981 | G57: 042-936-1808 | H57: 박채은 | I57: 대표 | J57: 010-7604-1770 | K57: gkwk1770@naver.com | L57: gkwk1770@naver.com | M57: 3188104473 | N57: 31881044730 | P57: 신규 | Q57: 45350 | R57: 45534 | S57: 45349 | T57: 45502 | U57: 45670 | V57: 45859 | W57: t | X57: H0119
A58: 르노코리아자동차지정정비센터대덕정비(주) | B58: 남정현 | C58: 대전 | D58: 대전광역시 대덕구 신일동로33번길 85 (신일동) | E58: 공업사 | F58: 042-936-7777 | G58: 042-936-7704 | H58: 남화수 | I58: 서비스팀장 | J58: 010-6410-4269 | K58: forkland@hanmail.net | L58: forkland@hanmail.net | M58: 3058137925 | N58: 30581379250 | P58: 타기관 신규 | Q58: 45367 | R58: 45557 | S58: 45414 | T58: 45510 | U58: 45673 | V58: 45862 | W58: t | X58: H0030
A59: 대한상용자동차 | B59: 전일하 외 5명 | C59: 대전 | D59: 대전광역시 대덕구 신탄진로 1 (읍내동) | E59: 공업사 | F59: 042-632-2220 | G59: 042-632-2228 | H59: 전일하 | I59: 대표 | J59: 010-8838-9297 | K59: korex2220@naver.com | L59: korex2220@naver.com | M59: 8235000387 | N59: 82350003870 | P59: 타기관 신규 | Q59: 45345 | R59: 45525 | S59: 45345 | T59: 45504 | U59: 45670 | V59: 45859 | W59: t | X59: H0039
A60: (주) 1급금호자동차정비 | B60: 김영환 | C60: 대전 | D60: 대전광역시 대덕구 신탄진로 319 (와동) | E60: 공업사 | F60: 042-627-0020 | G60: 042-627-0028 | H60: 김영환 | I60: 대표 | J60: 010-5406-2764 | K60: kh0020@hanmail.net | L60: kh0020@hanmail.net | M60: 3058165912 | N60: 30581659120 | P60: 타기관 신규 | Q60: 45372 | R60: 45554 | S60: 45371 | T60: 45517 | U60: 45677 | V60: 45863 | W60: t | X60: H0037
A61: 마이더스모터스 | B61: 홍석준 | C61: 대전 | D61: 대전광역시 대덕구 신탄진로 319 (와동) | E61: 공업사 | F61: 042-523-1577 | G61: 042-523-1578 | H61: 김선일 | I61: 대표 | J61: 010-3426-3410 | K61: bmwjuni73@naver.com | L61: bmwjuni73@naver.com | M61: 4401900059 | N61: 44019000590 | P61: 타기관 신규 | Q61: 45372 | R61: 45553 | S61: 45371 | T61: 45517 | U61: 45677 | V61: 45863 | W61: t | X61: H0038
A62: 대전특장공업 | B62: 이시섭 | C62: 대전 | D62: 대전광역시 대덕구 신탄진로 349 (와동) | E62: 공업사 | F62: 042-583-8633 | G62: 042-624-8633 | H62: 이기영 | I62: 부장 | J62: 010-8825-6004 | K62: 0114086004@hanmail.net | L62: 0114086004@hanmail.net | M62: 3140319409 | N62: 31403194090 | P62: 신규 | Q62: 45445 | R62: 45554 | S62: 45371 | T62: 45517 | U62: 45734 | V62: 45889 | W62: t | X62: H0182
A63: 신유승자동차공업사 | B63: 배영일 | C63: 대전 | D63: 대전광역시 대덕구 신탄진로 375 (와동, 대형물류) | E63: 공업사 | F63: 042-625-6600 | G63: 042-841-3833 | H63: 성윤숙 | I63: 실장 | J63: 010-3405-1500 | K63: byi1162@naver.com | L63: byi1162@naver.com | M63: 1790302528 | N63: 17903025280 | R63: 신규 | S63: 45394 | T63: 45539 | U63: 45677 | V63: 45863 | W63: t | X63: H0257
A64: 진성자동차공업사 | B64: 김진호 | C64: 대전 | D64: 대전광역시 대덕구 신탄진로 542 (상서동) | E64: 공업사 | F64: 042-932-4477 | G64: 042-936-4477 | H64: 김진호 | I64: 대표 | J64: 010-5406-6517 | K64: khk4477@hanmail.net | L64: khk4477@hanmail.net | M64: 3063174189 | N64: 30631741890 | P64: 타기관 신규 | Q64: 45366 | R64: 45549 | S64: 45387 | T64: 45583 | U64: 45769 | V64: 45891 | W64: t | X64: H0134
A65: 에이에스(AS)모터스 | B65: 이경원 | C65: 대전 | D65: 대전광역시 대덕구 신탄진로 566 (상서동) | E65: 공업사 | F65: 042-936-3388 | G65: 042-936-4500 | H65: 이경원 | I65: 대표 | J65: 010-8635-4241 | K65: darkox0063@naver.com | L65: darkox0063@naver.com | M65: 2391001800 | N65: 23910018000 | P65: 신규 | Q65: 45366 | R65: 45549 | S65: 45387 | T65: 45643 | U65: 45838 | V65: 45993 | W65: t | X65: H0136
A66: 세종모터스 | B66: 김상근 | C66: 대전 | D66: 대전광역시 대덕구 신탄진로583번길 10 (상서동) | E66: 공업사 | F66: 042-932-6679 | G66: 044-864-1077 | H66: 김상근 | I66: 대표 | J66: 010-5427-8828 | K66: sanggun7746@naver.com | L66: sanggun7746@naver.com | M66: 2212564297 | N66: 22125642970 | R66: 신규 | S66: 45448 | T66: 45545 | U66: 45708 | V66: 45889 | W66: t | X66: H0273
A67: 천금모터스 | B67: 박화주 | C67: 대전 | D67: 대전광역시 대덕구 신탄진로583번길 20 (상서동) | E67: 공업사 | F67: 042-931-5236 | G67: 042-931-5237 | H67: 박화주 | I67: 대표 | J67: 010-3944-5236 | K67: a39445236@gmail.com | L67: a39445236@gmail.com | M67: 2520901485 | N67: 25209014850 | P67: 타기관 신규 | Q67: 45349 | R67: 45528 | S67: 45461 | T67: 45596 | U67: 45708 | V67: 45993 | W67: t | X67: H0114
A68: 위드카1급자동차공업사 | B68: 최한선 | C68: 대전 | D68: 대전광역시 대덕구 신탄진로738번길 85 (신탄진동) | E68: 공업사 | F68: 042-826-3171 | G68: 042-933-3171 | H68: 최한선 | I68: 대표 | J68: 010-2238-3161 | K68: djpyd@naver.com (계산서 발행 시 안내 문자 필수) | L68: djpyd@naver.com | M68: 6281801613 | N68: 62818016130 | P68: 신규 | Q68: 45335 | R68: 45512 | S68: 45323 | T68: 45502 | U68: 45681 | V68: 45882 | W68: t | X68: H0107
A69: 신탄1급정비검사장 | B69: 오연환 | C69: 대전 | D69: 대전광역시 대덕구 신탄진로756번안길 52-25 (신탄진동) | E69: 공업사 | F69: 042-932-7005 | G69: 042-932-7008 | H69: 백병영 | I69: 관리부장 | J69: 010-3422-2013 | K69: oho0322@naver.com | L69: oho0322@naver.com | M69: 3142266015 | N69: 31422660150 | Q69: 타기관 신규 | R69: 45478 | S69: 45323 | T69: 45502 | U69: 45674 | V69: 45876 | W69: t | X69: H0195
A70: (주) 대진자동차공업사 | B70: 이숙자 | C70: 대전 | D70: 대전광역시 대덕구 신탄진로756번안길 79 (신탄진동) | E70: 공업사 | F70: 042-933-1282 | G70: 042-933-1284 | H70: 진대성 | I70: 부사장 | J70: 010-6313-5467 | K70: daejin24512@hanmail.net | L70: daejin24512@hanmail.net | M70: 3148624512 | N70: 31486245120 | P70: 타기관 신규 | Q70: 45335 | R70: 45512 | S70: 45324 | T70: 45583 | U70: 45708 | V70: 45876 | W70: t | X70: H0033
A71: 태성공업사 | B71: 조덕구 외 1명 | C71: 대전 | D71: 대전광역시 대덕구 아리랑로 69 (읍내동) | E71: 공업사 | F71: 042-634-8800 | G71: 042-633-4972 | H71: 조덕구 | I71: 대표 | J71: 010-2822-4004 | K71: duk6515@hanmail.net | L71: duk6515@hanmail.net | M71: 3140522586 | N71: 31405225860 | P71: 타기관 신규 | Q71: 45360 | R71: 45539 | S71: 45364 | T71: 45518 | U71: 45699 | V71: 45880 | W71: t | X71: H0131
A72: 유신모터스 | B72: 오영란 | C72: 대전 | D72: 대전광역시 대덕구 아리랑로55번길 15 (읍내동) | E72: 공업사 | F72: 042-634-4100 | G72: 042-634-4101 | H72: 오관식 | I72: 부장 | J72: 010-4100-0269 | K72: ys6344100@hanmail.net | L72: ys6344100@hanmail.net | M72: 3140393020 | N72: 31403930200 | P72: 타기관 신규 | Q72: 45360 | R72: 45539 | S72: 45364 | T72: 45518 | U72: 45791 | V72: 45904 | W72: t | X72: H0130
A73: 뉴월드모터스 | B73: 서용범 | C73: 대전 | D73: 대전광역시 대덕구 아리랑로55번길 64, 지하2층 (신대동) | E73: 공업사 | F73: 042-936-3003 | G73: 042-936-3002 | H73: 서용범 | I73: 대표 | J73: 010-3754-3175 | K73: bum3175@hanmail.net | L73: bum3175@hanmail.net | M73: 1111269544 | N73: 11112695440 | Q73: 신규 | R73: 45513 | S73: 45328 | T73: 45540 | U73: 45733 | V73: 45904 | W73: r | X73: H0202
A74: 카신모터스(CARSIN MOTORS) | B74: 김용이 | C74: 대전 | D74: 대전광역시 대덕구 아리랑로55번길 7 (읍내동) | E74: 공업사 | F74: 042-633-4004 | G74: 042-626-6424 | H74: 홍은숙 | I74: 관리이사 | J74: 010-7444-5155 | K74: sdj3254@hometax.go.kr | L74: sdj3254@naver.com | M74: 3064776723 | N74: 30647767230 | P74: 타기관 신규 | Q74: 45346 | R74: 45525 | S74: 45345 | T74: 45518 | U74: 45715 | V74: 45888 | W74: t | X74: H0047
A75: 믿음정비공업사 | B75: 정영란 | C75: 대전 | D75: 대전광역시 대덕구 아리랑로55번길 78 (신대동) | E75: 공업사 | F75: 042-637-1002 | G75: 042-631-1003 | H75: 정영란 | I75: 대표 | J75: 010-2237-1499 | K75: youngran4567@naver.com | L75: youngran4567@naver.com | M75: 1022667006 | N75: 10226670060 | P75: 타기관 신규 | Q75: 45387 | R75: 45581 | S75: 45401 | T75: 45596 | U75: 45715 | V75: 45888 | W75: t | X75: H0029
A76: 신대덕자동차공업사 | B76: 차경준 | C76: 대전 | D76: 대전광역시 대덕구 한남로138번길 12 (오정동) | E76: 공업사 | F76: 042-623-7700 | G76: 042-627-6896 | H76: 차명준 | I76: 이사 | J76: 010-8001-6097 | K76: liftcha@hanmail,net | L76: liftcha@hanmail,net | M76: 3140169550 | N76: 31401695500 | P76: 타기관 신규 | Q76: 45343 | R76: 45532 | S76: 45348 | T76: 45513 | U76: 45681 | V76: 45875 | W76: t | X76: H0010
A77: (주) 운성모터스 | B77: 김재경 | C77: 대전 | D77: 대전광역시 대덕구 한밭대로 1088 (중리동) | E77: 공업사 | F77: 042-624-4443 | G77: 042-628-4443 | H77: 김재경 | I77: 대표 | J77: 010-5452-9293 | K77: qhfka1401@naver.com | L77: qhfka1401@naver.com | M77: 3058176350 | N77: 30581763500 | P77: 타기관 신규 | Q77: 45387 | R77: 45581 | S77: 45401 | T77: 45537 | U77: 45715 | V77: 45889 | W77: t | X77: H0048
A78: 금빛종합모터스 | B78: 정우현 | C78: 대전 | D78: 대전광역시 대덕구 한밭대로1003번길 110 (오정동) | E78: 공업사 | F78: 042-624-1479 | G78: 042-624-1478 | H78: 정우현 | I78: 대표 | J78: 010-3174-1479 | K78: rmaqlc1479@daum.net | L78: rmaqlc1479@daum.net | M78: 5903100375 | N78: 59031003750 | P78: 타기관 신규 | Q78: 45343 | R78: 45532 | S78: 45348 | T78: 45513 | U78: 45681 | V78: 45875 | W78: t | X78: H0035
A79: 종성모터스 | B79: 김종성 | C79: 대전 | D79: 대전광역시 대덕구 한밭대로1003번길 110 (오정동) | E79: 공업사 | F79: 042-331-9104 | G79: 042-385-9105 | H79: 이병철 | I79: 관리부장 | J79: 010-8438-9609 | K79: kjs-motors@daum.net | L79: kjs-motors@daum.net | M79: 4274100625 | N79: 42741006250 | P79: 타기관 신규 | Q79: 45343 | R79: 45532 | S79: 45348 | T79: 45513 | U79: 45681 | V79: 45875 | W79: t | X79: H0034
A80: 남대전서비스기아오토큐 주식회사 | B80: 장영우 | C80: 대전 | D80: 대전광역시 동구 대전로 265 (대성동) | E80: 공업사 | F80: 042-282-1500 | G80: 042-282-1502 | H80: 신예순 | I80: 과장 | J80: 010-2680-9096 | K80: jyu9839@hanmail.net | L80: jyu9839@hanmail.net | M80: 3058622015 | N80: 30586220150 | P80: 타기관 신규 | Q80: 45389 | R80: 45548 | S80: 45377 | T80: 45510 | U80: 45672 | V80: 45861 | W80: t | X80: H0055
A81: 1급 대운자동차공업사 | B81: 한미례 | C81: 대전 | D81: 대전광역시 동구 대전로 277-12 (대성동) | E81: 공업사 | F81: 042-282-1552 | G81: 042-284-1552 | H81: 김문규 | I81: 대표 | J81: 010-9554-4522 | K81: miye2430@naver.com | L81: miye2430@naver.com | M81: 7773900847 | N81: 77739008470 | P81: 타기관 신규 | Q81: 45364 | R81: 45548 | S81: 45377 | T81: 45503 | U81: 45751 | V81: 45910 | W81: t | X81: H0056
A82: 주식회사 에펠오토서비스 | B82: 정성윤 | C82: 대전 | D82: 대전광역시 동구 대전로 707 (인동) | E82: 공업사 | F82: 042-282-3008 | G82: 042-285-5008 | H82: 변은진 | I82: 대리 | J82: 010-2747-5077 | K82: leere707@naver.com | L82: leere707@naver.com | M82: 5318101948 | N82: 53181019480 | P82: 타기관 신규 | Q82: 45375 | R82: 45585 | S82: 45408 | T82: 45510 | U82: 45699 | V82: 45881 | W82: t | X82: H0064
A83: 주식회사 이레자동차공업사 | B83: 김상희, 정성윤 | C83: 대전 | D83: 대전광역시 동구 대전로 707 (인동) | E83: 공업사 | F83: 042-284-4971 | G83: 042-285-4973 | H83: 변은진 | I83: 대리 | J83: 010-2747-5077 | K83: leere707@naver.com | L83: leere707@naver.com | M83: 3058632584 | N83: 30586325840 | P83: 타기관 신규 | Q83: 45375 | R83: 45585 | S83: 45408 | T83: 45510 | U83: 45699 | V83: 45881 | W83: t | X83: H0065
A84: 주식회사 제이에스모터스대전 | B84: 박흥수 | C84: 대전 | D84: 대전광역시 동구 대전로 723-8 (인동) | E84: 공업사 | F84: 042-284-4974 | G84: 042-284-4975 | H84: 김민선 | I84: 실장 | J84: 010-5353-7906 | K84: jsmotorsdj@naver.com | L84: jsmotorsdj@naver.com | M84: 3718703195 | N84: 37187031950 | P84: 타기관 신규 | Q84: 45400 | R84: 45585 | S84: 45408 | T84: 45540 | U84: 45699 | V84: 45881 | W84: t | X84: H0156
A85: 한솔자동차공업사 | B85: 서현수 | C85: 대전 | D85: 대전광역시 동구 대전천동로 62 (대성동) | E85: 공업사 | F85: 042-271-0330 | G85: 042-273-3485 | H85: 서현수 | I85: 대표 | J85: 010-5423-0679 | K85: SE04394344@hometax.go.kr | L85: seo01225@naver.com | M85: 3053045802 | N85: 30530458020 | P85: 타기관 신규 | Q85: 45330 | R85: 45520 | S85: 45329 | T85: 45503 | U85: 45672 | V85: 45861 | W85: t | X85: H0054
A86: 주식회사 동부모터스 | B86: 명순영 | C86: 대전 | D86: 대전광역시 동구 대종로 17 (대성동) | E86: 공업사 | G86: 0504-255-7964 | H86: 명순영 | I86: 대표 | J86: 010-5401-5582 | K86: msy5582@naver.com | L86: msy5582@naver.com | M86: 4058601270 | N86: 40586012700 | P86: 타기관 신규 | Q86: 45346 | R86: 45515 | S86: 45329 | T86: 45595 | U86: 45705 | V86: 45882 | W86: t | X86: H0121
A87: 주식회사현우모터스 | B87: 조일석 | C87: 대전 | D87: 대전광역시 동구 대종로 27 (대성동) | E87: 공업사 | F87: 042-274-4972 | G87: 042-274-4012 | H87: 조일석 | I87: 대표 | J87: 010-5421-0720 | K87: hyunwoo4210720@naver.com | L87: hyunwoo4210720@naver.com | M87: 3058190707 | N87: 30581907070 | P87: 타기관 신규 | Q87: 45330 | R87: 45515 | S87: 45329 | T87: 45503 | U87: 45672 | V87: 45861 | W87: t | X87: H0053
A88: 산내모터스 | B88: 황규선 | C88: 대전 | D88: 대전광역시 동구 산내로 1400-1 (대성동) | E88: 공업사 | F88: 042-272-3426 | G88: 042-272-5048 | H88: 박주용 | I88: 대표 | J88: 010-5326-9960 | K88: snmts5048@hanmail.net | L88: snmts5048@hanmail.net | M88: 4262900218 | N88: 42629002180 | P88: 타기관 신규 | Q88: 45364 | R88: 45548 | S88: 45377 | T88: 45503 | U88: 45793 | V88: 45910 | W88: t | X88: H0058
A89: 우리모터스주식회사 | B89: 김영수 | C89: 대전 | D89: 대전광역시 동구 산내로 1400-1 (대성동) | E89: 공업사 | F89: 042-273-6788 | G89: 042-254-0174 | H89: 김영수 | I89: 대표 | J89: 010-5426-6788 | K89: young444@nate.com | L89: young444@nate.com | M89: 3058193984 | N89: 30581939840 | P89: 타기관 신규 | Q89: 45364 | R89: 45548 | S89: 45377 | T89: 45503 | U89: 45705 | V89: 45882 | W89: t | X89: H0057
A90: 노랑자동차공업사 | B90: 송현기 | C90: 대전 | D90: 대전광역시 동구 산내로 1412-4 (대성동) | E90: 공업사 | F90: 042-286-8770 | G90: 042-286-7772 | H90: 송현기 | I90: 대표 | J90: 010-4480-3825 | K90: pqpq1230@naver.com | L90: pqpq1230@naver.com | M90: 6830602222 | N90: 68306022220 | P90: 타기관 신규 | Q90: 45346 | R90: 45515 | S90: 45329 | T90: 45503 | U90: 45702 | V90: 45883 | W90: t | X90: H0122
A91: 한밭자동차공업사 | B91: 김경순 외 1명 | C91: 대전 | D91: 대전광역시 동구 산내로1352번길 15 (낭월동) | E91: 공업사 | F91: 042-274-1251 | G91: 042-274-1252 | H91: 김경순 | I91: 대표 | J91: 010-5407-9727 | K91: pkb9727@hanmail.net | L91: pkb9727@hanmail.net | M91: 7760800156 | N91: 77608001560 | P91: 타기관 신규 | Q91: 45336 | R91: 45520 | S91: 45457 | T91: 45572 | U91: 45750 | V91: 45889 | W91: t | X91: H0052
A92: 주식회사 동대전현대서비스 | B92: 박흥준 | C92: 대전 | D92: 대전광역시 동구 새울로 58-15 (용운동) | E92: 공업사 | F92: 042-282-7008 | G92: 042-284-7008 | H92: 김민선 | I92: 실장 | J92: 010-5353-7906 | K92: phj8858@daum.net | L92: phj8858@daum.net | M92: 2428701579 | N92: 24287015790 | P92: 신규 | Q92: 45389 | R92: 45585 | S92: 45408 | T92: 45512 | U92: 45700 | V92: 45880 | W92: t | X92: H0151
A93: 이안현대모터스 | B93: 한영식 외 1명 | C93: 대전 | D93: 대전광역시 동구 안골로 45 (구도동) | E93: 공업사 | F93: 042-282-2500 | G93: 042-282-2506 | H93: 한영식 | I93: 대표 | J93: 010-3408-9008 | K93: gks3408@naver.com | L93: gks3408@naver.com | M93: 8557200237 | N93: 85572002370 | P93: 타기관 신규 | Q93: 45336 | R93: 45520 | S93: 45321 | T93: 45558 | U93: 45702 | V93: 45889 | W93: t | X93: H0051
A94: 동명자동차공업사 | B94: 오성우 | C94: 대전 | D94: 대전광역시 동구 옥천로 235 (판암동) | E94: 공업사 | F94: 042-273-5700 | G94: 042-273-8200 | H94: 오성우 | I94: 대표이사 | J94: 010-9346-8757 | K94: mimimi3281@hanmail.net | L94: osw0421@naver.com | M94: 6520601379 | N94: 65206013790 | P94: 타기관 신규 | Q94: 45344 | R94: 45535 | S94: 45363 | T94: 45512 | U94: 45700 | V94: 45877 | W94: t | X94: H0066
A95: 남부자동차공업(주) | B95: 양승희 | C95: 대전 | D95: 대전광역시 동구 옥천로 273 (삼정동) | E95: 공업사 | F95: 042-285-5200 | G95: 042-285-5203 | H95: 정주하 | I95: 과장 | J95: 010-9400-9292 | K95: jh279321@naver.com | M95: 3068120693 | N95: 30681206930 | P95: 타기관 신규 | Q95: 45365 | R95: 45547 | S95: 45471 | T95: 45565 | U95: 횟수조정 | V95: 45873 | W95: 횟수조정 | X95: H0062
A96: 삼보자동차공업사 | B96: 신형철 | C96: 대전 | D96: 대전광역시 동구 옥천로 273 (삼정동) | E96: 공업사 | F96: 042-284-4910 | G96: 042-283-4910 | H96: 신형철 | I96: 대표 | J96: 010-2222-4910 | K96: rcn27x@nate.com | L96: rcn27x@nate.com | M96: 7382500675 | N96: 73825006750 | P96: 타기관 신규 | Q96: 45365 | R96: 45547 | S96: 45370 | T96: 45512 | U96: 45677 | V96: 45873 | W96: t | X96: H0061
A97: 하늘자동차공업사 | B97: 김진형 | C97: 대전 | D97: 대전광역시 동구 옥천로 273, 4층 (삼정동) | E97: 공업사 | F97: 042-284-2605 | G97: 042-284-2606 | H97: 김진형 | I97: 대표 | J97: 010-6422-2605 | K97: gksmf2605@hanmail.net | L97: gksmf2605@hanmail.net | M97: 3053220955 | N97: 30532209550 | R97: 타기관 신규 | S97: 45370 | T97: 45512 | U97: 45677 | V97: 횟수조정 | W97: t | X97: H0060
A98: 태전자동차공업사(동구) | B98: 박승택 | C98: 대전 | D98: 대전광역시 동구 옥천로 321 (삼정동) | E98: 공업사 | F98: 042-282-3004 | G98: 042-282-3004 | H98: 박승택 | I98: 대표 | J98: 010-2439-3900 | K98: pst4972@naver.com | L98: pst4972@naver.com | M98: 8754600756 | N98: 87546007560 | P98: 타기관 신규 | Q98: 45365 | R98: 45547 | S98: 45370 | T98: 45512 | U98: 45677 | V98: 45873 | W98: t | X98: H1033
A99: 에이치에스(HS)모터스 | B99: 배형선 | C99: 대전 | D99: 대전광역시 동구 옥천로 321, 지하1층 (삼정동) | E99: 공업사 | F99: 042-283-4502 | G99: 042-283-4503 | H99: 한진현 | I99: 차장 | J99: 010-6788-0988 | K99: hs-motors6936@daum.net | L99: hs-motors6936@daum.net | M99: 2211908993 | N99: 22119089930 | R99: 신규 | S99: 45370 | T99: 45547 | U99: 45751 | V99: 45910 | W99: t | X99: H0245
A100: 은진모터스 | B100: 송봉섭 | C100: 대전 | D100: 대전광역시 동구 옥천로96번길 96-117 (판암동) | E100: 공업사 | F100: 042-283-3006 | G100: 042-283-3005 | H100: 이종식 | I100: 전무 | J100: 010-5108-2591 | K100: song9852@nate.com | L100: song9852@nate.com | M100: 4454100448 | N100: 44541004480 | P100: 타기관 신규 | Q100: 45344 | R100: 45547 | S100: 45363 | T100: 45512 | U100: 45700 | V100: 45877 | W100: t | X100: H0063
...

Sheet 22상-대전300

Sheet 22상-수원20

Sheet 22상-보령160

Sheet 25하-천안140
A1: 공문 연번 | B1: 연번 | C1: 5인 이상 연번 | D1: 측정일자 | F1: 측정자 | G1: 측정 주기 | H1: 비고 | I1: 관할청 | J1: 사 업 장 명 | K1: 인원 | M1: 사업자번호 | N1: 산재관리번호 | O1: 대표자 | P1: 주 소 | Q1: 전화번호 | R1: Fax | S1: 담당자 | V1: 담당자 e-mail | W1: K2B 전송일 | X1: K2B 전송자 | Y1: 계산서 e-mail | Z1: 계산서 발행일 | AA1: 측정비 (사업장) | AB1: 측정비 (국고) | AC1: 부가세 | AD1: 금회 측정비 | AE1: 입금일 (사업장) | AF1: 입금액(사업장) | AG1: 입금일 (국고) | AH1: 입금액(국고) | AI1: 입금액(합계) | AJ1: 입금전화
L2: 사업장 코드 | S2: 성명 | T2: 직책 | U2: 휴대폰 | AA2: =SUM(AA3:AA653) -> 0 | AB2: =SUM(AB3:AB653) -> 0 | AC2: =SUM(AC3:AC757) -> 0 | AD2: =SUM(AD3:AD802) -> 0 | AF2: =SUM(AF3:AF802) -> 0 | AH2: =SUM(AH3:AH802) -> 0 | AI2: =SUM(AI3:AI802) -> 0
A3: 128 | B3: 1 | C3: 1 | D3: 45854 | E3: =HLOOKUP(WEEKDAY(D3,2),data!$A$1:$G$2,2) -> (수) | F3: 고유빈 | G3: 2 | H3: 최초실시, 공정의 수시변경 | I3: =VLOOKUP(J3,'사업장현황(25하)'!$A$2:$T$1836,3,FALSE) -> 천안 | J3: 태인건설산업 주식회사 MG인재개발원 승강기 설치공사 | K3: 10 | L3: H0395 | M3: =VLOOKUP(J3,'사업장현황(25하)'!$A$2:$T$1836,13,FALSE) -> 514-81-86597 | N3: =VLOOKUP(J3,'사업장현황(25하)'!$A$2:$T$1836,14,FALSE) -> 51481865976 | O3: =VLOOKUP(J3,'사업장현황(25하)'!$A$2:$T$1836,2,FALSE) -> 손찬우 | P3: =VLOOKUP(J3,'사업장현황(25하)'!$A$2:$T$1836,4,FALSE) -> 충청남도 천안시 동남구 목천읍 삼방로 346 (동리, MG인재개발원) | Q3: =VLOOKUP(J3,'사업장현황(25하)'!$A$2:$T$1836,6,FALSE) -> 0 | R3: =VLOOKUP(J3,'사업장현황(25하)'!$A$2:$T$1836,7,FALSE) -> 0 | S3: =VLOOKUP(J3,'사업장현황(25하)'!$A$2:$T$1836,8,FALSE) -> 박윤수 | T3: =VLOOKUP(J3,'사업장현황(25하)'!$A$2:$T$1836,9,FALSE) -> 소장 | U3: =VLOOKUP(J3,'사업장현황(25하)'!$A$2:$T$1836,10,FALSE) -> 010-3528-0816 | V3: =VLOOKUP(J3,'사업장현황(25하)'!$A$2:$T$1836,12,FALSE) -> soo19421@hanmail.net | W3: 7월 28일 | X3: 고유빈 | Y3: =VLOOKUP(J3,'사업장현황(25하)'!$A$2:$T$1836,11,FALSE) -> sonsukgun@nate.com | AD3: =SUM(AA3:AC3) -> 0 | AI3: =SUM(AF3,AH3) -> 0
A4: 129 | B4: 2 | C4: 2 | D4: 45855 | E4: =HLOOKUP(WEEKDAY(D4,2),data!$A$1:$G$2,2) -> (목) | F4: 강종구 | G4: 1 | H4: 타기관 신규 | I4: =VLOOKUP(J4,'사업장현황(25하)'!$A$2:$T$1836,3,FALSE) -> 경기 | J4: 케이케이엘 유한회사 | K4: 30 | L4: H0394 | M4: =VLOOKUP(J4,'사업장현황(25하)'!$A$2:$T$1836,13,FALSE) -> 135-86-38733 | N4: =VLOOKUP(J4,'사업장현황(25하)'!$A$2:$T$1836,14,FALSE) -> 13586387330 | O4: =VLOOKUP(J4,'사업장현황(25하)'!$A$2:$T$1836,2,FALSE) -> 정주익, MICHAEL KEITH HIETBRINK | P4: =VLOOKUP(J4,'사업장현황(25하)'!$A$2:$T$1836,4,FALSE) -> 경기도 화성시 장안면 장안공단2길 66-9 (수촌리) | Q4: =VLOOKUP(J4,'사업장현황(25하)'!$A$2:$T$1836,6,FALSE) -> 031-8055-2912 | R4: =VLOOKUP(J4,'사업장현황(25하)'!$A$2:$T$1836,7,FALSE) -> 031-8055-2990 | S4: =VLOOKUP(J4,'사업장현황(25하)'!$A$2:$T$1836,8,FALSE) -> 김진석 | T4: =VLOOKUP(J4,'사업장현황(25하)'!$A$2:$T$1836,9,FALSE) -> 매니저 | U4: =VLOOKUP(J4,'사업장현황(25하)'!$A$2:$T$1836,10,FALSE) -> 010-8844-2349 | V4: =VLOOKUP(J4,'사업장현황(25하)'!$A$2:$T$1836,12,FALSE) -> jinseok.kim1@kkl-kr.com | W4: 45874 | X4: 강종구 | Y4: =VLOOKUP(J4,'사업장현황(25하)'!$A$2:$T$1836,11,FALSE) -> jinseok.kim1@kkl-kr.com | AD4: =SUM(AA4:AC4) -> 0 | AI4: =SUM(AF4,AH4) -> 0
A5: 130 | B5: 3 | C5: 3 | D5: 45856 | E5: =HLOOKUP(WEEKDAY(D5,2),data!$A$1:$G$2,2) -> (금) | F5: 강종구 | G5: 1 | I5: =VLOOKUP(J5,'사업장현황(25하)'!$A$2:$T$1836,3,FALSE) -> 천안 | J5: 인주농협 미곡처리장 | K5: 7 | L5: H0200 | M5: =VLOOKUP(J5,'사업장현황(25하)'!$A$2:$T$1836,13,FALSE) -> 8158200034 | N5: =VLOOKUP(J5,'사업장현황(25하)'!$A$2:$T$1836,14,FALSE) -> 81582000340 | O5: =VLOOKUP(J5,'사업장현황(25하)'!$A$2:$T$1836,2,FALSE) -> 김진권 | P5: =VLOOKUP(J5,'사업장현황(25하)'!$A$2:$T$1836,4,FALSE) -> 충청남도 아산시 인주면 걸매길 6-17 (걸매리, 인주농협조곡처리장) | Q5: =VLOOKUP(J5,'사업장현황(25하)'!$A$2:$T$1836,6,FALSE) -> 041-533-3289 | R5: =VLOOKUP(J5,'사업장현황(25하)'!$A$2:$T$1836,7,FALSE) -> 041-533-3290 | S5: =VLOOKUP(J5,'사업장현황(25하)'!$A$2:$T$1836,8,FALSE) -> 강은주 | T5: =VLOOKUP(J5,'사업장현황(25하)'!$A$2:$T$1836,9,FALSE) -> 과장대리 | U5: =VLOOKUP(J5,'사업장현황(25하)'!$A$2:$T$1836,10,FALSE) -> 010-5429-1637 | V5: =VLOOKUP(J5,'사업장현황(25하)'!$A$2:$T$1836,12,FALSE) -> nh483089@nonghyup.com | W5: 45862 | X5: 강종구 | Y5: =VLOOKUP(J5,'사업장현황(25하)'!$A$2:$T$1836,11,FALSE) -> nh483089@nonghyup.com | AD5: =SUM(AA5:AC5) -> 0 | AI5: =SUM(AF5,AH5) -> 0
A6: 131 | B6: 4 | C6: 3 | D6: 45867 | E6: =HLOOKUP(WEEKDAY(D6,2),data!$A$1:$G$2,2) -> (화) | F6: 고유빈 | G6: 1 | I6: =VLOOKUP(J6,'사업장현황(25하)'!$A$2:$T$1836,3,FALSE) -> 천안 | J6: 현테크 | K6: 2 | L6: H0139 | M6: =VLOOKUP(J6,'사업장현황(25하)'!$A$2:$T$1836,13,FALSE) -> 3122393828 | N6: =VLOOKUP(J6,'사업장현황(25하)'!$A$2:$T$1836,14,FALSE) -> 91610280151 | O6: =VLOOKUP(J6,'사업장현황(25하)'!$A$2:$T$1836,2,FALSE) -> 유지만 | P6: =VLOOKUP(J6,'사업장현황(25하)'!$A$2:$T$1836,4,FALSE) -> 충청남도 천안시 서북구 직산읍 신갈1길 53-15 (신갈리) | Q6: =VLOOKUP(J6,'사업장현황(25하)'!$A$2:$T$1836,6,FALSE) -> 041-583-1871 | R6: =VLOOKUP(J6,'사업장현황(25하)'!$A$2:$T$1836,7,FALSE) -> 041-583-1872 | S6: =VLOOKUP(J6,'사업장현황(25하)'!$A$2:$T$1836,8,FALSE) -> 유지만 | T6: =VLOOKUP(J6,'사업장현황(25하)'!$A$2:$T$1836,9,FALSE) -> 대표 | U6: =VLOOKUP(J6,'사업장현황(25하)'!$A$2:$T$1836,10,FALSE) -> 010-6422-6702 | V6: =VLOOKUP(J6,'사업장현황(25하)'!$A$2:$T$1836,12,FALSE) -> youjm33@naver.com | W6: 8월 21일 | X6: 고유빈 | Y6: =VLOOKUP(J6,'사업장현황(25하)'!$A$2:$T$1836,11,FALSE) -> youjm33@naver.com | AD6: =SUM(AA6:AC6) -> 0 | AI6: =SUM(AF6,AH6) -> 0
A7: 132 | B7: 5 | C7: 4 | D7: 45867 | E7: =HLOOKUP(WEEKDAY(D7,2),data!$A$1:$G$2,2) -> (화) | F7: 강종구 | G7: 1 | I7: =VLOOKUP(J7,'사업장현황(25하)'!$A$2:$T$1836,3,FALSE) -> 천안 | J7: 정연코퍼레이션 주식회사 | K7: 17 | L7: H0350 | M7: =VLOOKUP(J7,'사업장현황(25하)'!$A$2:$T$1836,13,FALSE) -> 3128664352 | N7: =VLOOKUP(J7,'사업장현황(25하)'!$A$2:$T$1836,14,FALSE) -> 31286643520 | O7: =VLOOKUP(J7,'사업장현황(25하)'!$A$2:$T$1836,2,FALSE) -> 장두희 | P7: =VLOOKUP(J7,'사업장현황(25하)'!$A$2:$T$1836,4,FALSE) -> 충청남도 천안시 서북구 성환읍 왕지1길 156-7 (송덕리) | Q7: =VLOOKUP(J7,'사업장현황(25하)'!$A$2:$T$1836,6,FALSE) -> 041-522-7072 | R7: =VLOOKUP(J7,'사업장현황(25하)'!$A$2:$T$1836,7,FALSE) -> 041-522-7074 | S7: =VLOOKUP(J7,'사업장현황(25하)'!$A$2:$T$1836,8,FALSE) -> 신지원 | T7: =VLOOKUP(J7,'사업장현황(25하)'!$A$2:$T$1836,9,FALSE) -> 0 | U7: =VLOOKUP(J7,'사업장현황(25하)'!$A$2:$T$1836,10,FALSE) -> 010-6483-0072 | V7: =VLOOKUP(J7,'사업장현황(25하)'!$A$2:$T$1836,12,FALSE) -> sdmccv@naver.com | W7: 45877 | X7: 강종구 | Y7: =VLOOKUP(J7,'사업장현황(25하)'!$A$2:$T$1836,11,FALSE) -> wjhnc64352@hometax.go.kr | AD7: =SUM(AA7:AC7) -> 0 | AI7: =SUM(AF7,AH7) -> 0
A8: 133 | B8: 6 | C8: 4 | D8: 45868 | E8: =HLOOKUP(WEEKDAY(D8,2),data!$A$1:$G$2,2) -> (수) | F8: 고유빈 | G8: 1 | I8: =VLOOKUP(J8,'사업장현황(25하)'!$A$2:$T$1836,3,FALSE) -> 천안 | J8: 어썸치과기공소 | K8: 2 | L8: H0117 | M8: =VLOOKUP(J8,'사업장현황(25하)'!$A$2:$T$1836,13,FALSE) -> 5869300879 | N8: =VLOOKUP(J8,'사업장현황(25하)'!$A$2:$T$1836,14,FALSE) -> 58693008790 | O8: =VLOOKUP(J8,'사업장현황(25하)'!$A$2:$T$1836,2,FALSE) -> 김성진 | P8: =VLOOKUP(J8,'사업장현황(25하)'!$A$2:$T$1836,4,FALSE) -> 충청남도 천안시 서북구 검은들3길 42, 602호 (불당동, C&J타워빌딩) | Q8: =VLOOKUP(J8,'사업장현황(25하)'!$A$2:$T$1836,6,FALSE) -> 041-575-2857 | R8: =VLOOKUP(J8,'사업장현황(25하)'!$A$2:$T$1836,7,FALSE) -> 041-562-2806 | S8: =VLOOKUP(J8,'사업장현황(25하)'!$A$2:$T$1836,8,FALSE) -> 김성진 | T8: =VLOOKUP(J8,'사업장현황(25하)'!$A$2:$T$1836,9,FALSE) -> 소장(대표) | U8: =VLOOKUP(J8,'사업장현황(25하)'!$A$2:$T$1836,10,FALSE) -> 010-9030-0252 | V8: =VLOOKUP(J8,'사업장현황(25하)'!$A$2:$T$1836,12,FALSE) -> why0205@hanmail.net | W8: 8월 21일 | X8: 고유빈 | Y8: =VLOOKUP(J8,'사업장현황(25하)'!$A$2:$T$1836,11,FALSE) -> why0205@hanmail.net | AD8: =SUM(AA8:AC8) -> 0 | AI8: =SUM(AF8,AH8) -> 0
A9: 134 | B9: 7 | C9: 5 | D9: 45869 | E9: =HLOOKUP(WEEKDAY(D9,2),data!$A$1:$G$2,2) -> (목) | F9: 이주형 | G9: 2 | H9: 타기관 신규 | I9: =VLOOKUP(J9,'사업장현황(25하)'!$A$2:$T$1836,3,FALSE) -> 성남 | J9: 일신산업전기 (주) | K9: 48 | L9: H0396 | M9: =VLOOKUP(J9,'사업장현황(25하)'!$A$2:$T$1836,13,FALSE) -> 126-81-57430 | N9: =VLOOKUP(J9,'사업장현황(25하)'!$A$2:$T$1836,14,FALSE) -> 12681574300 | O9: =VLOOKUP(J9,'사업장현황(25하)'!$A$2:$T$1836,2,FALSE) -> 고수영 | P9: =VLOOKUP(J9,'사업장현황(25하)'!$A$2:$T$1836,4,FALSE) -> 경기도 광주시 광주대로 200-1(송정동) | Q9: =VLOOKUP(J9,'사업장현황(25하)'!$A$2:$T$1836,6,FALSE) -> 031-797-1631 | R9: =VLOOKUP(J9,'사업장현황(25하)'!$A$2:$T$1836,7,FALSE) -> 031-797-2178 | S9: =VLOOKUP(J9,'사업장현황(25하)'!$A$2:$T$1836,8,FALSE) -> 신민재 | T9: =VLOOKUP(J9,'사업장현황(25하)'!$A$2:$T$1836,9,FALSE) -> 이사 | U9: =VLOOKUP(J9,'사업장현황(25하)'!$A$2:$T$1836,10,FALSE) -> 010-2361-2820 | V9: =VLOOKUP(J9,'사업장현황(25하)'!$A$2:$T$1836,12,FALSE) -> mjs7795@hanmail.net | W9: 45889 | X9: 이주형 | Y9: =VLOOKUP(J9,'사업장현황(25하)'!$A$2:$T$1836,11,FALSE) -> 99isieco@daum.net | AD9: =SUM(AA9:AC9) -> 0 | AI9: =SUM(AF9,AH9) -> 0
A10: 135 | B10: 8 | C10: 6 | D10: 45869 | E10: =HLOOKUP(WEEKDAY(D10,2),data!$A$1:$G$2,2) -> (목) | F10: 배윤민 | G10: 2 | H10: 최초실시, 공정의 수시변경 | I10: =VLOOKUP(J10,'사업장현황(25하)'!$A$2:$T$1836,3,FALSE) -> 천안 | J10: 에이치디씨현대산업개발 주식회사 당진천안선 터널소방시설공사 | K10: 7 | L10: H0398 | M10: =VLOOKUP(J10,'사업장현황(25하)'!$A$2:$T$1836,13,FALSE) -> 334-86-00815 | N10: =VLOOKUP(J10,'사업장현황(25하)'!$A$2:$T$1836,14,FALSE) -> 11481588536 | O10: =VLOOKUP(J10,'사업장현황(25하)'!$A$2:$T$1836,2,FALSE) -> 정경구, 조태제 | P10: =VLOOKUP(J10,'사업장현황(25하)'!$A$2:$T$1836,4,FALSE) -> 충청남도 아산시 영인면 토정로 148(역리) | Q10: =VLOOKUP(J10,'사업장현황(25하)'!$A$2:$T$1836,6,FALSE) -> 041-543-6998 | R10: =VLOOKUP(J10,'사업장현황(25하)'!$A$2:$T$1836,7,FALSE) -> 041-543-6997 | S10: =VLOOKUP(J10,'사업장현황(25하)'!$A$2:$T$1836,8,FALSE) -> 손인기 | T10: =VLOOKUP(J10,'사업장현황(25하)'!$A$2:$T$1836,9,FALSE) -> 안전관리자 | U10: =VLOOKUP(J10,'사업장현황(25하)'!$A$2:$T$1836,10,FALSE) -> 010-2089-5262 | V10: =VLOOKUP(J10,'사업장현황(25하)'!$A$2:$T$1836,12,FALSE) -> 2807020@hdc-dvp.com | W10: 45890 | X10: 배윤민 | Y10: =VLOOKUP(J10,'사업장현황(25하)'!$A$2:$T$1836,11,FALSE) -> R1053ctdi@hdc-dvp.com | AD10: =SUM(AA10:AC10) -> 0 | AI10: =SUM(AF10,AH10) -> 0
A11: 136 | B11: 9 | C11: 7 | D11: 45888 | E11: =HLOOKUP(WEEKDAY(D11,2),data!$A$1:$G$2,2) -> (화) | F11: 강종구 | G11: 2 | H11: 고시물질, 소음85이상 | I11: =VLOOKUP(J11,'사업장현황(25하)'!$A$2:$T$1836,3,FALSE) -> 천안 | J11: 아산피앤피(주) | K11: 29 | L11: H0149 | M11: =VLOOKUP(J11,'사업장현황(25하)'!$A$2:$T$1836,13,FALSE) -> 3128137637 | N11: =VLOOKUP(J11,'사업장현황(25하)'!$A$2:$T$1836,14,FALSE) -> 31281376370 | O11: =VLOOKUP(J11,'사업장현황(25하)'!$A$2:$T$1836,2,FALSE) -> 이병길, 이건우 | P11: =VLOOKUP(J11,'사업장현황(25하)'!$A$2:$T$1836,4,FALSE) -> 충청남도 아산시 선장면 학성로122번길 94 (죽산리) | Q11: =VLOOKUP(J11,'사업장현황(25하)'!$A$2:$T$1836,6,FALSE) -> 041-541-5711 | R11: =VLOOKUP(J11,'사업장현황(25하)'!$A$2:$T$1836,7,FALSE) -> 041-541-5715 | S11: =VLOOKUP(J11,'사업장현황(25하)'!$A$2:$T$1836,8,FALSE) -> 이선미 | T11: =VLOOKUP(J11,'사업장현황(25하)'!$A$2:$T$1836,9,FALSE) -> 과장 | U11: =VLOOKUP(J11,'사업장현황(25하)'!$A$2:$T$1836,10,FALSE) -> 010-4045-9979 | V11: =VLOOKUP(J11,'사업장현황(25하)'!$A$2:$T$1836,12,FALSE) -> beauty@aspulp.co.kr | W11: 45912 | X11: 강종구 | Y11: =VLOOKUP(J11,'사업장현황(25하)'!$A$2:$T$1836,11,FALSE) -> beauty@aspulp.co.kr | AD11: =SUM(AA11:AC11) -> 0 | AI11: =SUM(AF11,AH11) -> 0
A12: 137 | B12: 10 | C12: 7 | D12: 45890 | E12: =HLOOKUP(WEEKDAY(D12,2),data!$A$1:$G$2,2) -> (목) | F12: 강종구 | G12: 2 | H12: 고시물질 | I12: =VLOOKUP(J12,'사업장현황(25하)'!$A$2:$T$1836,3,FALSE) -> 천안 | J12: 한솔지에스 | K12: 4 | L12: H0123 | M12: =VLOOKUP(J12,'사업장현황(25하)'!$A$2:$T$1836,13,FALSE) -> 2661900602 | N12: =VLOOKUP(J12,'사업장현황(25하)'!$A$2:$T$1836,14,FALSE) -> 26619006020 | O12: =VLOOKUP(J12,'사업장현황(25하)'!$A$2:$T$1836,2,FALSE) -> 김효식 | P12: =VLOOKUP(J12,'사업장현황(25하)'!$A$2:$T$1836,4,FALSE) -> 충청남도 천안시 서북구 직산읍 상덕2길 2 (자은가리) | Q12: =VLOOKUP(J12,'사업장현황(25하)'!$A$2:$T$1836,6,FALSE) -> 041-553-1026 | R12: =VLOOKUP(J12,'사업장현황(25하)'!$A$2:$T$1836,7,FALSE) -> 041-552-1026 | S12: =VLOOKUP(J12,'사업장현황(25하)'!$A$2:$T$1836,8,FALSE) -> 김효식 | T12: =VLOOKUP(J12,'사업장현황(25하)'!$A$2:$T$1836,9,FALSE) -> 대표 | U12: =VLOOKUP(J12,'사업장현황(25하)'!$A$2:$T$1836,10,FALSE) -> 010-5406-9859 | V12: =VLOOKUP(J12,'사업장현황(25하)'!$A$2:$T$1836,12,FALSE) -> cacao003@hansolgs.com | W12: 45919 | X12: 강종구 | Y12: =VLOOKUP(J12,'사업장현황(25하)'!$A$2:$T$1836,11,FALSE) -> cacaco003@hansolgs.com | AD12: =SUM(AA12:AC12) -> 0 | AI12: =SUM(AF12,AH12) -> 0
A13: 138 | B13: 11 | C13: 8 | D13: 45891 | E13: =HLOOKUP(WEEKDAY(D13,2),data!$A$1:$G$2,2) -> (금) | F13: 강종구 | G13: 2 | H13: 공정의 수시변경 | I13: =VLOOKUP(J13,'사업장현황(25하)'!$A$2:$T$1836,3,FALSE) -> 천안 | J13: 아산모터스 | K13: 11 | L13: H0239 | M13: =VLOOKUP(J13,'사업장현황(25하)'!$A$2:$T$1836,13,FALSE) -> 6912101853 | N13: =VLOOKUP(J13,'사업장현황(25하)'!$A$2:$T$1836,14,FALSE) -> 69121018530 | O13: =VLOOKUP(J13,'사업장현황(25하)'!$A$2:$T$1836,2,FALSE) -> 심한주 | P13: =VLOOKUP(J13,'사업장현황(25하)'!$A$2:$T$1836,4,FALSE) -> 충청남도 아산시 곡교천로 159 (온천동) | Q13: =VLOOKUP(J13,'사업장현황(25하)'!$A$2:$T$1836,6,FALSE) -> 041-546-0005 | R13: =VLOOKUP(J13,'사업장현황(25하)'!$A$2:$T$1836,7,FALSE) -> 041-546-0999 | S13: =VLOOKUP(J13,'사업장현황(25하)'!$A$2:$T$1836,8,FALSE) -> 심한주 | T13: =VLOOKUP(J13,'사업장현황(25하)'!$A$2:$T$1836,9,FALSE) -> 대표 | U13: =VLOOKUP(J13,'사업장현황(25하)'!$A$2:$T$1836,10,FALSE) -> 010-8978-9809 | V13: =VLOOKUP(J13,'사업장현황(25하)'!$A$2:$T$1836,12,FALSE) -> asan_motors@naver.com | W13: 45919 | X13: 강종구 | Y13: =VLOOKUP(J13,'사업장현황(25하)'!$A$2:$T$1836,11,FALSE) -> asan_motors@naver.com | AD13: =SUM(AA13:AC13) -> 0 | AI13: =SUM(AF13,AH13) -> 0
A14: 139 | B14: 12 | C14: 9 | D14: 45891 | E14: =HLOOKUP(WEEKDAY(D14,2),data!$A$1:$G$2,2) -> (금) | F14: 이태환 | G14: 2 | H14: 공정의 수시변경 | I14: =VLOOKUP(J14,'사업장현황(25하)'!$A$2:$T$1836,3,FALSE) -> 천안 | J14: 아산현대서비스 주식회사 | K14: 27 | L14: H0240 | M14: =VLOOKUP(J14,'사업장현황(25하)'!$A$2:$T$1836,13,FALSE) -> 4488600924 | N14: =VLOOKUP(J14,'사업장현황(25하)'!$A$2:$T$1836,14,FALSE) -> 44886009240 | O14: =VLOOKUP(J14,'사업장현황(25하)'!$A$2:$T$1836,2,FALSE) -> 맹의석 | P14: =VLOOKUP(J14,'사업장현황(25하)'!$A$2:$T$1836,4,FALSE) -> 충청남도 아산시 온천대로 1790-9 (남동) | Q14: =VLOOKUP(J14,'사업장현황(25하)'!$A$2:$T$1836,6,FALSE) -> 041-531-1122 | R14: =VLOOKUP(J14,'사업장현황(25하)'!$A$2:$T$1836,7,FALSE) -> 041-534-0022 | S14: =VLOOKUP(J14,'사업장현황(25하)'!$A$2:$T$1836,8,FALSE) -> 황중현 | T14: =VLOOKUP(J14,'사업장현황(25하)'!$A$2:$T$1836,9,FALSE) -> 실장 | U14: =VLOOKUP(J14,'사업장현황(25하)'!$A$2:$T$1836,10,FALSE) -> 010-7396-2674 | V14: =VLOOKUP(J14,'사업장현황(25하)'!$A$2:$T$1836,12,FALSE) -> asanhd@nate.com | W14: 45919 | X14: 강종구 | Y14: =VLOOKUP(J14,'사업장현황(25하)'!$A$2:$T$1836,11,FALSE) -> asanhd@nate.com | AD14: =SUM(AA14:AC14) -> 0 | AI14: =SUM(AF14,AH14) -> 0
A15: 140 | B15: 13 | C15: 10 | D15: 45891 | E15: =HLOOKUP(WEEKDAY(D15,2),data!$A$1:$G$2,2) -> (금) | F15: 고유빈 | G15: 1 | H15: 공정의 수시변경 | I15: =VLOOKUP(J15,'사업장현황(25하)'!$A$2:$T$1836,3,FALSE) -> 천안 | J15: 케이지모빌리티아산서비스센터 주식회사 | K15: 14 | L15: H0270 | M15: =VLOOKUP(J15,'사업장현황(25하)'!$A$2:$T$1836,13,FALSE) -> 1798700118 | N15: =VLOOKUP(J15,'사업장현황(25하)'!$A$2:$T$1836,14,FALSE) -> 17987001180 | O15: =VLOOKUP(J15,'사업장현황(25하)'!$A$2:$T$1836,2,FALSE) -> 최재학 | P15: =VLOOKUP(J15,'사업장현황(25하)'!$A$2:$T$1836,4,FALSE) -> 충청남도 아산시 신리길 6 (신동) | Q15: =VLOOKUP(J15,'사업장현황(25하)'!$A$2:$T$1836,6,FALSE) -> 041-549-5582 | R15: =VLOOKUP(J15,'사업장현황(25하)'!$A$2:$T$1836,7,FALSE) -> 041-549-5505 | S15: =VLOOKUP(J15,'사업장현황(25하)'!$A$2:$T$1836,8,FALSE) -> 정명용 | T15: =VLOOKUP(J15,'사업장현황(25하)'!$A$2:$T$1836,9,FALSE) -> 과장 | U15: =VLOOKUP(J15,'사업장현황(25하)'!$A$2:$T$1836,10,FALSE) -> 010-5433-5278 | V15: =VLOOKUP(J15,'사업장현황(25하)'!$A$2:$T$1836,12,FALSE) -> ksh5038@hanmail.net | W15: 45919 | X15: 강종구 | Y15: =VLOOKUP(J15,'사업장현황(25하)'!$A$2:$T$1836,11,FALSE) -> ksh5038@hanmail.net | AD15: =SUM(AA15:AC15) -> 0 | AI15: =SUM(AF15,AH15) -> 0
A16: 141 | B16: 14 | C16: 11 | D16: 45895 | E16: =HLOOKUP(WEEKDAY(D16,2),data!$A$1:$G$2,2) -> (화) | F16: 이주형 | G16: 2 | H16: 고시물질, 소음85이상 | I16: =VLOOKUP(J16,'사업장현황(25하)'!$A$2:$T$1836,3,FALSE) -> 안산 | J16: (주) 두산금속 | K16: 23 | L16: H0401 | M16: =VLOOKUP(J16,'사업장현황(25하)'!$A$2:$T$1836,13,FALSE) -> 140-81-13291 | N16: =VLOOKUP(J16,'사업장현황(25하)'!$A$2:$T$1836,14,FALSE) -> 14081132910 | O16: =VLOOKUP(J16,'사업장현황(25하)'!$A$2:$T$1836,2,FALSE) -> 김영이 | P16: =VLOOKUP(J16,'사업장현황(25하)'!$A$2:$T$1836,4,FALSE) -> 경기도 시흥시 마유로82번길 52 (정왕동) | Q16: =VLOOKUP(J16,'사업장현황(25하)'!$A$2:$T$1836,6,FALSE) -> 031-432-0783 | R16: =VLOOKUP(J16,'사업장현황(25하)'!$A$2:$T$1836,7,FALSE) -> 031-432-0785 | S16: =VLOOKUP(J16,'사업장현황(25하)'!$A$2:$T$1836,8,FALSE) -> 김원경 | T16: =VLOOKUP(J16,'사업장현황(25하)'!$A$2:$T$1836,9,FALSE) -> 과장 | U16: =VLOOKUP(J16,'사업장현황(25하)'!$A$2:$T$1836,10,FALSE) -> 010-9642-0201 | V16: =VLOOKUP(J16,'사업장현황(25하)'!$A$2:$T$1836,12,FALSE) -> doosansm@hanmail.net | W16: 45924 | X16: 이주형 | Y16: =VLOOKUP(J16,'사업장현황(25하)'!$A$2:$T$1836,11,FALSE) -> doosansm@hanmail.net | AD16: =SUM(AA16:AC16) -> 0 | AI16: =SUM(AF16,AH16) -> 0
A17: 142 | B17: 15 | C17: 12 | D17: 45895 | E17: =HLOOKUP(WEEKDAY(D17,2),data!$A$1:$G$2,2) -> (화) | F17: 한기문 | G17: 2 | H17: 고시물질 | I17: =VLOOKUP(J17,'사업장현황(25하)'!$A$2:$T$1836,3,FALSE) -> 안산 | J17: 두산판금 | K17: 16 | L17: H0400 | M17: =VLOOKUP(J17,'사업장현황(25하)'!$A$2:$T$1836,13,FALSE) -> 134-07-46934 | N17: =VLOOKUP(J17,'사업장현황(25하)'!$A$2:$T$1836,14,FALSE) -> 13407469340 | O17: =VLOOKUP(J17,'사업장현황(25하)'!$A$2:$T$1836,2,FALSE) -> 주명구 | P17: =VLOOKUP(J17,'사업장현황(25하)'!$A$2:$T$1836,4,FALSE) -> 경기도 시흥시 공단3대로 153 (정왕동) | Q17: =VLOOKUP(J17,'사업장현황(25하)'!$A$2:$T$1836,6,FALSE) -> 031-432-0783 | R17: =VLOOKUP(J17,'사업장현황(25하)'!$A$2:$T$1836,7,FALSE) -> 031-432-0785 | S17: =VLOOKUP(J17,'사업장현황(25하)'!$A$2:$T$1836,8,FALSE) -> 김원경 | T17: =VLOOKUP(J17,'사업장현황(25하)'!$A$2:$T$1836,9,FALSE) -> 과장 | U17: =VLOOKUP(J17,'사업장현황(25하)'!$A$2:$T$1836,10,FALSE) -> 010-9642-0201 | V17: =VLOOKUP(J17,'사업장현황(25하)'!$A$2:$T$1836,12,FALSE) -> doosansm@hanmail.net | W17: 45924 | X17: 이주형 | Y17: =VLOOKUP(J17,'사업장현황(25하)'!$A$2:$T$1836,11,FALSE) -> doosansm@hanmail.net | AD17: =SUM(AA17:AC17) -> 0 | AI17: =SUM(AF17,AH17) -> 0
A18: 143 | B18: 16 | C18: 12 | D18: 45895 | E18: =HLOOKUP(WEEKDAY(D18,2),data!$A$1:$G$2,2) -> (화) | F18: 고유빈 | G18: 1 | I18: =VLOOKUP(J18,'사업장현황(25하)'!$A$2:$T$1836,3,FALSE) -> 천안 | J18: (주)쓰리디치과기공소 | K18: 3 | L18: H0143 | M18: =VLOOKUP(J18,'사업장현황(25하)'!$A$2:$T$1836,13,FALSE) -> 8348702116 | N18: =VLOOKUP(J18,'사업장현황(25하)'!$A$2:$T$1836,14,FALSE) -> 83487021160 | O18: =VLOOKUP(J18,'사업장현황(25하)'!$A$2:$T$1836,2,FALSE) -> 원태희 | P18: =VLOOKUP(J18,'사업장현황(25하)'!$A$2:$T$1836,4,FALSE) -> 충청남도 천안시 서북구 불당21로 71, 7층 705호 (불당동) | Q18: =VLOOKUP(J18,'사업장현황(25하)'!$A$2:$T$1836,6,FALSE) -> 041-555-2879 | R18: =VLOOKUP(J18,'사업장현황(25하)'!$A$2:$T$1836,7,FALSE) -> 041-555-2878 | S18: =VLOOKUP(J18,'사업장현황(25하)'!$A$2:$T$1836,8,FALSE) -> 김다겸 | T18: =VLOOKUP(J18,'사업장현황(25하)'!$A$2:$T$1836,9,FALSE) -> 주임 | U18: =VLOOKUP(J18,'사업장현황(25하)'!$A$2:$T$1836,10,FALSE) -> 010-5870-2958 | V18: =VLOOKUP(J18,'사업장현황(25하)'!$A$2:$T$1836,12,FALSE) -> office@theboston.co.kr | W18: 9월 24일 | X18: 배윤민 | Y18: =VLOOKUP(J18,'사업장현황(25하)'!$A$2:$T$1836,11,FALSE) -> 3ddentallab1@naver.com | AD18: =SUM(AA18:AC18) -> 0 | AI18: =SUM(AF18,AH18) -> 0
A19: 144 | B19: 17 | C19: 13 | D19: 45895 | E19: =HLOOKUP(WEEKDAY(D19,2),data!$A$1:$G$2,2) -> (화) | F19: 배윤민 | G19: 2 | H19: 고시물질 | I19: =VLOOKUP(J19,'사업장현황(25하)'!$A$2:$T$1836,3,FALSE) -> 천안 | J19: 더보스톤치과병원 | K19: 57 | L19: H0142 | M19: =VLOOKUP(J19,'사업장현황(25하)'!$A$2:$T$1836,13,FALSE) -> 7941400586 | N19: =VLOOKUP(J19,'사업장현황(25하)'!$A$2:$T$1836,14,FALSE) -> 79414005860 | O19: =VLOOKUP(J19,'사업장현황(25하)'!$A$2:$T$1836,2,FALSE) -> 원태희 | P19: =VLOOKUP(J19,'사업장현황(25하)'!$A$2:$T$1836,4,FALSE) -> 충청남도 천안시 서북구 불당33길 26 (불당동) | Q19: =VLOOKUP(J19,'사업장현황(25하)'!$A$2:$T$1836,6,FALSE) -> 041-555-2879 | R19: =VLOOKUP(J19,'사업장현황(25하)'!$A$2:$T$1836,7,FALSE) -> 041-558-4001 | S19: =VLOOKUP(J19,'사업장현황(25하)'!$A$2:$T$1836,8,FALSE) -> 김다겸 | T19: =VLOOKUP(J19,'사업장현황(25하)'!$A$2:$T$1836,9,FALSE) -> 주임 | U19: =VLOOKUP(J19,'사업장현황(25하)'!$A$2:$T$1836,10,FALSE) -> 010-5870-2958 | V19: =VLOOKUP(J19,'사업장현황(25하)'!$A$2:$T$1836,12,FALSE) -> office@theboston.co.kr | W19: 9월 24일 | X19: 배윤민 | Y19: =VLOOKUP(J19,'사업장현황(25하)'!$A$2:$T$1836,11,FALSE) -> tax@theboston.co.kr | AD19: =SUM(AA19:AC19) -> 0 | AI19: =SUM(AF19,AH19) -> 0
A20: 145 | B20: 18 | C20: 14 | D20: 45895 | E20: =HLOOKUP(WEEKDAY(D20,2),data!$A$1:$G$2,2) -> (화) | F20: 강종구 | G20: 2 | H20: 고시물질 | I20: =VLOOKUP(J20,'사업장현황(25하)'!$A$2:$T$1836,3,FALSE) -> 천안 | J20: 주식회사 유기농기계 | K20: 8 | L20: H0296 | M20: =VLOOKUP(J20,'사업장현황(25하)'!$A$2:$T$1836,13,FALSE) -> 2918100624 | N20: =VLOOKUP(J20,'사업장현황(25하)'!$A$2:$T$1836,14,FALSE) -> 29181006240 | O20: =VLOOKUP(J20,'사업장현황(25하)'!$A$2:$T$1836,2,FALSE) -> 김상호 | P20: =VLOOKUP(J20,'사업장현황(25하)'!$A$2:$T$1836,4,FALSE) -> 충청남도 천안시 서북구 직산읍 군수1길 112-16 (군서리) | Q20: =VLOOKUP(J20,'사업장현황(25하)'!$A$2:$T$1836,6,FALSE) -> 041-567-2859 | R20: =VLOOKUP(J20,'사업장현황(25하)'!$A$2:$T$1836,7,FALSE) -> 041-568-2859 | S20: =VLOOKUP(J20,'사업장현황(25하)'!$A$2:$T$1836,8,FALSE) -> 김상범 | T20: =VLOOKUP(J20,'사업장현황(25하)'!$A$2:$T$1836,9,FALSE) -> 부장 | U20: =VLOOKUP(J20,'사업장현황(25하)'!$A$2:$T$1836,10,FALSE) -> 010-9911-2859 | V20: =VLOOKUP(J20,'사업장현황(25하)'!$A$2:$T$1836,12,FALSE) -> sadang3378@naver.com | W20: 45919 | X20: 강종구 | Y20: =VLOOKUP(J20,'사업장현황(25하)'!$A$2:$T$1836,11,FALSE) -> sadang3378@naver.com | AD20: =SUM(AA20:AC20) -> 0 | AI20: =SUM(AF20,AH20) -> 0
A21: 146 | B21: 19 | C21: 14 | D21: 45909 | E21: =HLOOKUP(WEEKDAY(D21,2),data!$A$1:$G$2,2) -> (화) | F21: 이주형 | G21: 1 | I21: =VLOOKUP(J21,'사업장현황(25하)'!$A$2:$T$1836,3,FALSE) -> 천안 | J21: 건승티앤비 | K21: 3 | L21: H0250 | M21: =VLOOKUP(J21,'사업장현황(25하)'!$A$2:$T$1836,13,FALSE) -> 3123271675 | N21: =VLOOKUP(J21,'사업장현황(25하)'!$A$2:$T$1836,14,FALSE) -> 31232716750 | O21: =VLOOKUP(J21,'사업장현황(25하)'!$A$2:$T$1836,2,FALSE) -> 김건남 | P21: =VLOOKUP(J21,'사업장현황(25하)'!$A$2:$T$1836,4,FALSE) -> 충청남도 천안시 동남구 성남면 성남로 230-21 (용원리) | Q21: =VLOOKUP(J21,'사업장현황(25하)'!$A$2:$T$1836,6,FALSE) -> 041-555-7260 | R21: =VLOOKUP(J21,'사업장현황(25하)'!$A$2:$T$1836,7,FALSE) -> 041-556-7261 | S21: =VLOOKUP(J21,'사업장현황(25하)'!$A$2:$T$1836,8,FALSE) -> 김건남 | T21: =VLOOKUP(J21,'사업장현황(25하)'!$A$2:$T$1836,9,FALSE) -> 대표 | U21: =VLOOKUP(J21,'사업장현황(25하)'!$A$2:$T$1836,10,FALSE) -> 010-9925-7260 | V21: =VLOOKUP(J21,'사업장현황(25하)'!$A$2:$T$1836,12,FALSE) -> sonata8715@hanmail.net | W21: 45931 | X21: 이주형 | Y21: =VLOOKUP(J21,'사업장현황(25하)'!$A$2:$T$1836,11,FALSE) -> sonata8715@hanmail.net | AD21: =SUM(AA21:AC21) -> 0 | AI21: =SUM(AF21,AH21) -> 0
A22: 147 | B22: 20 | C22: 15 | D22: 45909 | E22: =HLOOKUP(WEEKDAY(D22,2),data!$A$1:$G$2,2) -> (화) | F22: 고유빈 | G22: 2 | H22: 고시물질 | I22: =VLOOKUP(J22,'사업장현황(25하)'!$A$2:$T$1836,3,FALSE) -> 천안 | J22: 사단법인 천안제5일반산업단지입주기업체협의회 | K22: 10 | L22: H0207 | M22: =VLOOKUP(J22,'사업장현황(25하)'!$A$2:$T$1836,13,FALSE) -> 3128218355 | N22: =VLOOKUP(J22,'사업장현황(25하)'!$A$2:$T$1836,14,FALSE) -> 31282183550 | O22: =VLOOKUP(J22,'사업장현황(25하)'!$A$2:$T$1836,2,FALSE) -> 홍상의 | P22: =VLOOKUP(J22,'사업장현황(25하)'!$A$2:$T$1836,4,FALSE) -> 충청남도 천안시 동남구 성남면 5산단3로 78 (대화리) | Q22: =VLOOKUP(J22,'사업장현황(25하)'!$A$2:$T$1836,6,FALSE) -> 041-569-0264 | R22: =VLOOKUP(J22,'사업장현황(25하)'!$A$2:$T$1836,7,FALSE) -> 041-566-3840 | S22: =VLOOKUP(J22,'사업장현황(25하)'!$A$2:$T$1836,8,FALSE) -> 박갑수 | T22: =VLOOKUP(J22,'사업장현황(25하)'!$A$2:$T$1836,9,FALSE) -> 사원 | U22: =VLOOKUP(J22,'사업장현황(25하)'!$A$2:$T$1836,10,FALSE) -> 010-3460-1265 | V22: =VLOOKUP(J22,'사업장현황(25하)'!$A$2:$T$1836,12,FALSE) -> ca5sandan2@nate.com | W22: 45931 | X22: 고유빈 | Y22: =VLOOKUP(J22,'사업장현황(25하)'!$A$2:$T$1836,11,FALSE) -> ca5sandan3@nate.com | AD22: =SUM(AA22:AC22) -> 0 | AI22: =SUM(AF22,AH22) -> 0
A23: 148 | B23: 21 | C23: 16 | D23: 45912 | E23: =HLOOKUP(WEEKDAY(D23,2),data!$A$1:$G$2,2) -> (금) | F23: 강종구 | G23: 2 | H23: 공정의 수시변경 | I23: =VLOOKUP(J23,'사업장현황(25하)'!$A$2:$T$1836,3,FALSE) -> 천안 | J23: (주) 현대자동차충청써비스 | K23: 100 | L23: H0226 | M23: =VLOOKUP(J23,'사업장현황(25하)'!$A$2:$T$1836,13,FALSE) -> 3128168805 | N23: =VLOOKUP(J23,'사업장현황(25하)'!$A$2:$T$1836,14,FALSE) -> 31281688050 | O23: =VLOOKUP(J23,'사업장현황(25하)'!$A$2:$T$1836,2,FALSE) -> 김송 | P23: =VLOOKUP(J23,'사업장현황(25하)'!$A$2:$T$1836,4,FALSE) -> 충청남도 아산시 곡교천로125번길 35 (실옥동) | Q23: =VLOOKUP(J23,'사업장현황(25하)'!$A$2:$T$1836,6,FALSE) -> 041-546-0992 | R23: =VLOOKUP(J23,'사업장현황(25하)'!$A$2:$T$1836,7,FALSE) -> 041-547-3396 | S23: =VLOOKUP(J23,'사업장현황(25하)'!$A$2:$T$1836,8,FALSE) -> 김사론 | T23: =VLOOKUP(J23,'사업장현황(25하)'!$A$2:$T$1836,9,FALSE) -> 0 | U23: =VLOOKUP(J23,'사업장현황(25하)'!$A$2:$T$1836,10,FALSE) -> 010-7138-1537 | V23: =VLOOKUP(J23,'사업장현황(25하)'!$A$2:$T$1836,12,FALSE) -> mt3275@hanmail.net | W23: 45931 | X23: 강종구 | Y23: =VLOOKUP(J23,'사업장현황(25하)'!$A$2:$T$1836,11,FALSE) -> mt3275@hanmail.net | AD23: =SUM(AA23:AC23) -> 0 | AI23: =SUM(AF23,AH23) -> 0
A24: 149 | B24: 22 | C24: 17 | D24: 45912 | E24: =HLOOKUP(WEEKDAY(D24,2),data!$A$1:$G$2,2) -> (금) | F24: 이주형 | G24: 2 | H24: 고시물질 | I24: =VLOOKUP(J24,'사업장현황(25하)'!$A$2:$T$1836,3,FALSE) -> 성남 | J24: 동아하이테크 주식회사 | K24: 16 | L24: H0348 | M24: =VLOOKUP(J24,'사업장현황(25하)'!$A$2:$T$1836,13,FALSE) -> 1268639422 | N24: =VLOOKUP(J24,'사업장현황(25하)'!$A$2:$T$1836,14,FALSE) -> 12686394220 | O24: =VLOOKUP(J24,'사업장현황(25하)'!$A$2:$T$1836,2,FALSE) -> 이우용, 이호일 | P24: =VLOOKUP(J24,'사업장현황(25하)'!$A$2:$T$1836,4,FALSE) -> 경기도 광주시 도척면 방도길 8-35 (유정리) | Q24: =VLOOKUP(J24,'사업장현황(25하)'!$A$2:$T$1836,6,FALSE) -> 031-797-1003 | R24: =VLOOKUP(J24,'사업장현황(25하)'!$A$2:$T$1836,7,FALSE) -> 031-797-3001 | S24: =VLOOKUP(J24,'사업장현황(25하)'!$A$2:$T$1836,8,FALSE) -> 이용준 | T24: =VLOOKUP(J24,'사업장현황(25하)'!$A$2:$T$1836,9,FALSE) -> 과장 | U24: =VLOOKUP(J24,'사업장현황(25하)'!$A$2:$T$1836,10,FALSE) -> 010-8920-2263 | V24: =VLOOKUP(J24,'사업장현황(25하)'!$A$2:$T$1836,12,FALSE) -> yj_lee@dongah.biz | W24: 45925 | X24: 이주형 | Y24: =VLOOKUP(J24,'사업장현황(25하)'!$A$2:$T$1836,11,FALSE) -> yj_lee@dongah.biz | AD24: =SUM(AA24:AC24) -> 0 | AI24: =SUM(AF24,AH24) -> 0
A25: 150 | B25: 23 | C25: 18 | D25: 9/15,16,17 | E25: =HLOOKUP(WEEKDAY(D25,2),data!$A$1:$G$2,2) -> #VALUE! | F25: 한기문, 이주형, 강종구, 고유빈 | G25: 2 | H25: 고시물질 | I25: =VLOOKUP(J25,'사업장현황(25하)'!$A$2:$T$1836,3,FALSE) -> 전주 | J25: 국립농업과학원 | K25: 1512 | L25: H0102 | M25: =VLOOKUP(J25,'사업장현황(25하)'!$A$2:$T$1836,13,FALSE) -> 1248301818 | N25: =VLOOKUP(J25,'사업장현황(25하)'!$A$2:$T$1836,14,FALSE) -> 12483018180 | O25: =VLOOKUP(J25,'사업장현황(25하)'!$A$2:$T$1836,2,FALSE) -> 이상재 | P25: =VLOOKUP(J25,'사업장현황(25하)'!$A$2:$T$1836,4,FALSE) -> 전북특별자치도 완주군 이서면 농생명로 166 (금평리, 국립농업과학원) | Q25: =VLOOKUP(J25,'사업장현황(25하)'!$A$2:$T$1836,6,FALSE) -> 063-238-2243 | R25: =VLOOKUP(J25,'사업장현황(25하)'!$A$2:$T$1836,7,FALSE) -> 063-238-3814 | S25: =VLOOKUP(J25,'사업장현황(25하)'!$A$2:$T$1836,8,FALSE) -> 안유미 | T25: =VLOOKUP(J25,'사업장현황(25하)'!$A$2:$T$1836,9,FALSE) -> 보건관리자 | U25: =VLOOKUP(J25,'사업장현황(25하)'!$A$2:$T$1836,10,FALSE) -> 010-3194-8055 | V25: =VLOOKUP(J25,'사업장현황(25하)'!$A$2:$T$1836,12,FALSE) -> dbal8055@korea.kr | W25: 45946 | X25: 이주형 | Y25: =VLOOKUP(J25,'사업장현황(25하)'!$A$2:$T$1836,11,FALSE) -> dbal8055@korea.kr | AD25: =SUM(AA25:AC25) -> 0 | AI25: =SUM(AF25,AH25) -> 0
A26: 151 | B26: 24 | C26: 19 | D26: 45916 | E26: =HLOOKUP(WEEKDAY(D26,2),data!$A$1:$G$2,2) -> (화) | F26: 배윤민 | G26: 2 | H26: 공정의 수시변경 | I26: =VLOOKUP(J26,'사업장현황(25하)'!$A$2:$T$1836,3,FALSE) -> 경기 | J26: 범일건설(주) 명인제약(주) 발안2공장 고형제동 증축공사 | K26: 48 | L26: H0406 | M26: =VLOOKUP(J26,'사업장현황(25하)'!$A$2:$T$1836,13,FALSE) -> 214-86-78417 | N26: =VLOOKUP(J26,'사업장현황(25하)'!$A$2:$T$1836,14,FALSE) -> 21486784176 | O26: =VLOOKUP(J26,'사업장현황(25하)'!$A$2:$T$1836,2,FALSE) -> 설병덕 | P26: =VLOOKUP(J26,'사업장현황(25하)'!$A$2:$T$1836,4,FALSE) -> 경기도 화성시 향남읍 제약단지로 50 (하길리) | Q26: =VLOOKUP(J26,'사업장현황(25하)'!$A$2:$T$1836,6,FALSE) -> 0 | R26: =VLOOKUP(J26,'사업장현황(25하)'!$A$2:$T$1836,7,FALSE) -> 0 | S26: =VLOOKUP(J26,'사업장현황(25하)'!$A$2:$T$1836,8,FALSE) -> 손기호 | T26: =VLOOKUP(J26,'사업장현황(25하)'!$A$2:$T$1836,9,FALSE) -> 부장 | U26: =VLOOKUP(J26,'사업장현황(25하)'!$A$2:$T$1836,10,FALSE) -> 010-5237-7921 | V26: =VLOOKUP(J26,'사업장현황(25하)'!$A$2:$T$1836,12,FALSE) -> bumil13@hanmail.net | W26: 45944 | X26: 배윤민 | Y26: =VLOOKUP(J26,'사업장현황(25하)'!$A$2:$T$1836,11,FALSE) -> bumil13@hanmail.net | AD26: =SUM(AA26:AC26) -> 0 | AI26: =SUM(AF26,AH26) -> 0
A27: 152 | B27: 25 | C27: 20 | D27: 45917 | E27: =HLOOKUP(WEEKDAY(D27,2),data!$A$1:$G$2,2) -> (수) | F27: 강종구 | G27: 2 | H27: 최초실시, 고시물질 | I27: =VLOOKUP(J27,'사업장현황(25하)'!$A$2:$T$1836,3,FALSE) -> 천안 | J27: 콜러벤처스인크 천안지점 | K27: 16 | L27: H0405 | M27: =VLOOKUP(J27,'사업장현황(25하)'!$A$2:$T$1836,13,FALSE) -> 296-84-00028 (001) | N27: =VLOOKUP(J27,'사업장현황(25하)'!$A$2:$T$1836,14,FALSE) -> 92438631521 | O27: =VLOOKUP(J27,'사업장현황(25하)'!$A$2:$T$1836,2,FALSE) -> KASHYAP JAIRAJ KAPADIA(카쉬얍제이라즈카파디아) | P27: =VLOOKUP(J27,'사업장현황(25하)'!$A$2:$T$1836,4,FALSE) -> 충청남도 천안시 서북구 직산읍 부송3길 61 (부송리, 노비타), B동 202호 | Q27: =VLOOKUP(J27,'사업장현황(25하)'!$A$2:$T$1836,6,FALSE) -> 0 | R27: =VLOOKUP(J27,'사업장현황(25하)'!$A$2:$T$1836,7,FALSE) -> 0 | S27: =VLOOKUP(J27,'사업장현황(25하)'!$A$2:$T$1836,8,FALSE) -> 전우진 | T27: =VLOOKUP(J27,'사업장현황(25하)'!$A$2:$T$1836,9,FALSE) -> 프로 | U27: =VLOOKUP(J27,'사업장현황(25하)'!$A$2:$T$1836,10,FALSE) -> 010-5491-1412 | V27: =VLOOKUP(J27,'사업장현황(25하)'!$A$2:$T$1836,12,FALSE) -> woojin.jeon@kohler.com | W27: 45943 | X27: 강종구 | Y27: =VLOOKUP(J27,'사업장현황(25하)'!$A$2:$T$1836,11,FALSE) -> kraccountspayable@kohlerventures.com, woojin.jeon@kohler.com | AD27: =SUM(AA27:AC27) -> 0 | AI27: =SUM(AF27,AH27) -> 0
A28: 153 | B28: 26 | C28: 21 | D28: 45917 | E28: =HLOOKUP(WEEKDAY(D28,2),data!$A$1:$G$2,2) -> (수) | F28: 고유빈 | G28: 2 | H28: 소음85이상 | I28: =VLOOKUP(J28,'사업장현황(25하)'!$A$2:$T$1836,3,FALSE) -> 천안 | J28: 동아하이테크 주식회사 2공장 | K28: 23 | L28: H0288 | M28: =VLOOKUP(J28,'사업장현황(25하)'!$A$2:$T$1836,13,FALSE) -> 1268639422 | N28: =VLOOKUP(J28,'사업장현황(25하)'!$A$2:$T$1836,14,FALSE) -> 92231854931 | O28: =VLOOKUP(J28,'사업장현황(25하)'!$A$2:$T$1836,2,FALSE) -> 이우용, 이호일 | P28: =VLOOKUP(J28,'사업장현황(25하)'!$A$2:$T$1836,4,FALSE) -> 충청남도 천안시 서북구 성환읍 왕지1길 5 (율금리) | Q28: =VLOOKUP(J28,'사업장현황(25하)'!$A$2:$T$1836,6,FALSE) -> 031-797-1003 | R28: =VLOOKUP(J28,'사업장현황(25하)'!$A$2:$T$1836,7,FALSE) -> 031-797-3001 | S28: =VLOOKUP(J28,'사업장현황(25하)'!$A$2:$T$1836,8,FALSE) -> 이용준 이원국 | T28: =VLOOKUP(J28,'사업장현황(25하)'!$A$2:$T$1836,9,FALSE) -> 과장(본사) 차장(현장) | U28: =VLOOKUP(J28,'사업장현황(25하)'!$A$2:$T$1836,10,FALSE) -> 010-8920-2263 010-8928-0605 | V28: =VLOOKUP(J28,'사업장현황(25하)'!$A$2:$T$1836,12,FALSE) -> wk0209@dongah.biz(현장) | W28: 10월 16일 | X28: 고유빈 | Y28: =VLOOKUP(J28,'사업장현황(25하)'!$A$2:$T$1836,11,FALSE) -> yj_lee@dongah.biz(본사) | AD28: =SUM(AA28:AC28) -> 0 | AI28: =SUM(AF28,AH28) -> 0
A29: 154 | B29: 27 | C29: 22 | D29: 45918 | E29: =HLOOKUP(WEEKDAY(D29,2),data!$A$1:$G$2,2) -> (목) | F29: 강종구 | G29: 2 | H29: 공정의 수시변경 | I29: =VLOOKUP(J29,'사업장현황(25하)'!$A$2:$T$1836,3,FALSE) -> 서산 | J29: 일성건설(주)삭선-원북 지방도 확포장공사 | K29: 34 | L29: H0213 | M29: =VLOOKUP(J29,'사업장현황(25하)'!$A$2:$T$1836,13,FALSE) -> 1058129640 | N29: =VLOOKUP(J29,'사업장현황(25하)'!$A$2:$T$1836,14,FALSE) -> 10581296406 | O29: 백종탁 | P29: =VLOOKUP(J29,'사업장현황(25하)'!$A$2:$T$1836,4,FALSE) -> 충청남도 태안군 태안읍 원이로 77 (삭선리) | Q29: =VLOOKUP(J29,'사업장현황(25하)'!$A$2:$T$1836,6,FALSE) -> 070-4924-0905 | R29: =VLOOKUP(J29,'사업장현황(25하)'!$A$2:$T$1836,7,FALSE) -> 041-674-0877 | S29: =VLOOKUP(J29,'사업장현황(25하)'!$A$2:$T$1836,8,FALSE) -> 최승현 | T29: =VLOOKUP(J29,'사업장현황(25하)'!$A$2:$T$1836,9,FALSE) -> 안전팀장 | U29: =VLOOKUP(J29,'사업장현황(25하)'!$A$2:$T$1836,10,FALSE) -> 010-4616-5408 | V29: =VLOOKUP(J29,'사업장현황(25하)'!$A$2:$T$1836,12,FALSE) -> 20230502@ilsungconst.co.kr | W29: 45945 | X29: 강종구 | Y29: =VLOOKUP(J29,'사업장현황(25하)'!$A$2:$T$1836,11,FALSE) -> 20230502@ilsungconst.co.kr | AD29: =SUM(AA29:AC29) -> 0 | AI29: =SUM(AF29,AH29) -> 0
A30: 155 | B30: 28 | C30: 23 | D30: 45918 | E30: =HLOOKUP(WEEKDAY(D30,2),data!$A$1:$G$2,2) -> (목) | F30: 배윤민 | G30: 2 | H30: 공정의 수시변경 | I30: =VLOOKUP(J30,'사업장현황(25하)'!$A$2:$T$1836,3,FALSE) -> 서산 | J30: 일성건설(주) 태안발전본부 공업용수관로(삭선-원북) 이설공사 | K30: 6 | L30: H0346 | M30: =VLOOKUP(J30,'사업장현황(25하)'!$A$2:$T$1836,13,FALSE) -> 1058129640 | N30: =VLOOKUP(J30,'사업장현황(25하)'!$A$2:$T$1836,14,FALSE) -> 10581296406 | O30: 백종탁 | P30: =VLOOKUP(J30,'사업장현황(25하)'!$A$2:$T$1836,4,FALSE) -> 충청남도 태안군 태안읍 원이로 77 (삭선리) | Q30: =VLOOKUP(J30,'사업장현황(25하)'!$A$2:$T$1836,6,FALSE) -> 070-4924-0905 | R30: =VLOOKUP(J30,'사업장현황(25하)'!$A$2:$T$1836,7,FALSE) -> 041-674-0877 | S30: =VLOOKUP(J30,'사업장현황(25하)'!$A$2:$T$1836,8,FALSE) -> 최승현 | T30: =VLOOKUP(J30,'사업장현황(25하)'!$A$2:$T$1836,9,FALSE) -> 안전팀장 | U30: =VLOOKUP(J30,'사업장현황(25하)'!$A$2:$T$1836,10,FALSE) -> 010-4616-5408 | V30: =VLOOKUP(J30,'사업장현황(25하)'!$A$2:$T$1836,12,FALSE) -> 20230502@ilsungconst.co.kr | W30: 45945 | X30: 배윤민 | Y30: =VLOOKUP(J30,'사업장현황(25하)'!$A$2:$T$1836,11,FALSE) -> 20230502@ilsungconst.co.kr | AD30: =SUM(AA30:AC30) -> 0 | AI30: =SUM(AF30,AH30) -> 0
A31: 156 | B31: 29 | C31: 24 | D31: 45919 | E31: =HLOOKUP(WEEKDAY(D31,2),data!$A$1:$G$2,2) -> (금) | F31: 강종구 | G31: 2 | H31: 공정의 수시변경 | I31: =VLOOKUP(J31,'사업장현황(25하)'!$A$2:$T$1836,3,FALSE) -> 서산 | J31: 일성건설(주) 삭선-원북간 상하수도관 이설공사 | K31: 6 | L31: H0368 | M31: =VLOOKUP(J31,'사업장현황(25하)'!$A$2:$T$1836,13,FALSE) -> 1058129640 | N31: =VLOOKUP(J31,'사업장현황(25하)'!$A$2:$T$1836,14,FALSE) -> 10581296406 | O31: =VLOOKUP(J31,'사업장현황(25하)'!$A$2:$T$1836,2,FALSE) -> 백종탁 | P31: =VLOOKUP(J31,'사업장현황(25하)'!$A$2:$T$1836,4,FALSE) -> 충청남도 태안군 태안읍 삭선길 505 (삭선리) | Q31: =VLOOKUP(J31,'사업장현황(25하)'!$A$2:$T$1836,6,FALSE) -> 070-4924-0905 | R31: =VLOOKUP(J31,'사업장현황(25하)'!$A$2:$T$1836,7,FALSE) -> 041-674-0877 | S31: =VLOOKUP(J31,'사업장현황(25하)'!$A$2:$T$1836,8,FALSE) -> 최승현 | T31: =VLOOKUP(J31,'사업장현황(25하)'!$A$2:$T$1836,9,FALSE) -> 안전팀장 | U31: =VLOOKUP(J31,'사업장현황(25하)'!$A$2:$T$1836,10,FALSE) -> 010-4616-5408 | V31: =VLOOKUP(J31,'사업장현황(25하)'!$A$2:$T$1836,12,FALSE) -> 20230502@ilsungconst.co.kr | W31: 45945 | X31: 강종구 | Y31: =VLOOKUP(J31,'사업장현황(25하)'!$A$2:$T$1836,11,FALSE) -> 20230502@ilsungconst.co.kr | AD31: =SUM(AA31:AC31) -> 0 | AI31: =SUM(AF31,AH31) -> 0
A32: 157 | B32: 30 | C32: 25 | D32: 45922 | E32: =HLOOKUP(WEEKDAY(D32,2),data!$A$1:$G$2,2) -> (월) | F32: 이태환 | G32: 2 | H32: 고시물질 | I32: =VLOOKUP(J32,'사업장현황(25하)'!$A$2:$T$1836,3,FALSE) -> 천안 | J32: 주식회사 엘에스이 | K32: 31 | L32: H0242 | M32: =VLOOKUP(J32,'사업장현황(25하)'!$A$2:$T$1836,13,FALSE) -> 1498101813 | N32: =VLOOKUP(J32,'사업장현황(25하)'!$A$2:$T$1836,14,FALSE) -> 14981018130 | O32: =VLOOKUP(J32,'사업장현황(25하)'!$A$2:$T$1836,2,FALSE) -> 이관형 | P32: =VLOOKUP(J32,'사업장현황(25하)'!$A$2:$T$1836,4,FALSE) -> 충청남도 천안시 서북구 직산읍 4산단6길 22 (신갈리) | Q32: =VLOOKUP(J32,'사업장현황(25하)'!$A$2:$T$1836,6,FALSE) -> 041-583-0110 | R32: =VLOOKUP(J32,'사업장현황(25하)'!$A$2:$T$1836,7,FALSE) -> 041-555-0933 | S32: =VLOOKUP(J32,'사업장현황(25하)'!$A$2:$T$1836,8,FALSE) -> 박기상 | T32: =VLOOKUP(J32,'사업장현황(25하)'!$A$2:$T$1836,9,FALSE) -> 부장 | U32: =VLOOKUP(J32,'사업장현황(25하)'!$A$2:$T$1836,10,FALSE) -> 010-8964-7234 | V32: =VLOOKUP(J32,'사업장현황(25하)'!$A$2:$T$1836,12,FALSE) -> kspark@lsglobal.co.kr | W32: 45951 | X32: 고유빈 | Y32: =VLOOKUP(J32,'사업장현황(25하)'!$A$2:$T$1836,11,FALSE) -> kspark@lsglobal.co.kr | AD32: =SUM(AA32:AC32) -> 0 | AI32: =SUM(AF32,AH32) -> 0
A33: 158 | B33: 31 | C33: 26 | D33: 45922 | E33: =HLOOKUP(WEEKDAY(D33,2),data!$A$1:$G$2,2) -> (월) | F33: 고유빈 | G33: 2 | H33: 고시물질 | I33: =VLOOKUP(J33,'사업장현황(25하)'!$A$2:$T$1836,3,FALSE) -> 천안 | J33: (주)엘에스티 | K33: 15 | L33: H0307 | M33: =VLOOKUP(J33,'사업장현황(25하)'!$A$2:$T$1836,13,FALSE) -> 3128629753 | N33: =VLOOKUP(J33,'사업장현황(25하)'!$A$2:$T$1836,14,FALSE) -> 31286297530 | O33: =VLOOKUP(J33,'사업장현황(25하)'!$A$2:$T$1836,2,FALSE) -> 이관형 | P33: =VLOOKUP(J33,'사업장현황(25하)'!$A$2:$T$1836,4,FALSE) -> 충청남도 천안시 서북구 직산읍 4산단4로 60, 씨동 1호 (모서리) | Q33: =VLOOKUP(J33,'사업장현황(25하)'!$A$2:$T$1836,6,FALSE) -> 041-583-0110 | R33: =VLOOKUP(J33,'사업장현황(25하)'!$A$2:$T$1836,7,FALSE) -> 041-555-0933 | S33: =VLOOKUP(J33,'사업장현황(25하)'!$A$2:$T$1836,8,FALSE) -> 박기상 | T33: =VLOOKUP(J33,'사업장현황(25하)'!$A$2:$T$1836,9,FALSE) -> 부장 | U33: =VLOOKUP(J33,'사업장현황(25하)'!$A$2:$T$1836,10,FALSE) -> 010-8964-7234 | V33: =VLOOKUP(J33,'사업장현황(25하)'!$A$2:$T$1836,12,FALSE) -> kspark@lsglobal.co.kr | W33: 45951 | X33: 고유빈 | Y33: =VLOOKUP(J33,'사업장현황(25하)'!$A$2:$T$1836,11,FALSE) -> kspark@lsglobal.co.kr | AD33: =SUM(AA33:AC33) -> 0 | AI33: =SUM(AF33,AH33) -> 0
A34: 159 | B34: 32 | C34: 27 | D34: 45922 | E34: =HLOOKUP(WEEKDAY(D34,2),data!$A$1:$G$2,2) -> (월) | F34: 이주형 | G34: 2 | H34: 고시물질 | I34: =VLOOKUP(J34,'사업장현황(25하)'!$A$2:$T$1836,3,FALSE) -> 천안 | J34: 성일테크(주)당진공장 | K34: 6 | L34: H0137 | M34: =VLOOKUP(J34,'사업장현황(25하)'!$A$2:$T$1836,13,FALSE) -> 4178133090 | N34: =VLOOKUP(J34,'사업장현황(25하)'!$A$2:$T$1836,14,FALSE) -> 92126827491 | O34: =VLOOKUP(J34,'사업장현황(25하)'!$A$2:$T$1836,2,FALSE) -> 황일곤 | P34: =VLOOKUP(J34,'사업장현황(25하)'!$A$2:$T$1836,4,FALSE) -> 충청남도 당진시 석문면 산단3로2길 19 (통정리) | Q34: =VLOOKUP(J34,'사업장현황(25하)'!$A$2:$T$1836,6,FALSE) -> 070-4250-3949 | R34: =VLOOKUP(J34,'사업장현황(25하)'!$A$2:$T$1836,7,FALSE) -> 041-354-1503 | S34: =VLOOKUP(J34,'사업장현황(25하)'!$A$2:$T$1836,8,FALSE) -> 김보성 | T34: =VLOOKUP(J34,'사업장현황(25하)'!$A$2:$T$1836,9,FALSE) -> 과장 | U34: =VLOOKUP(J34,'사업장현황(25하)'!$A$2:$T$1836,10,FALSE) -> 010-9146-6015 | V34: =VLOOKUP(J34,'사업장현황(25하)'!$A$2:$T$1836,12,FALSE) -> sighwang@hanmail.net | W34: 45951 | X34: 이주형 | Y34: =VLOOKUP(J34,'사업장현황(25하)'!$A$2:$T$1836,11,FALSE) -> sighwang@hanmail.net | AD34: =SUM(AA34:AC34) -> 0 | AI34: =SUM(AF34,AH34) -> 0
A35: [[ | B35: 33 | C35: 28 | D35: 45923 | E35: =HLOOKUP(WEEKDAY(D35,2),data!$A$1:$G$2,2) -> (화) | F35: 한기문, 고유빈, 배윤민 | G35: 2 | H35: 고시물질 | I35: =VLOOKUP(J35,'사업장현황(25하)'!$A$2:$T$1836,3,FALSE) -> 보령 | J35: 국립해양생물자원관 | K35: 260 | L35: H0260 | M35: =VLOOKUP(J35,'사업장현황(25하)'!$A$2:$T$1836,13,FALSE) -> 1378210048 | N35: =VLOOKUP(J35,'사업장현황(25하)'!$A$2:$T$1836,14,FALSE) -> 13782100480 | O35: =VLOOKUP(J35,'사업장현황(25하)'!$A$2:$T$1836,2,FALSE) -> 김현태 | P35: =VLOOKUP(J35,'사업장현황(25하)'!$A$2:$T$1836,4,FALSE) -> 충청남도 서천군 장항읍 장산로101번길 75 (송림리, 국립해양생물자원관) | Q35: =VLOOKUP(J35,'사업장현황(25하)'!$A$2:$T$1836,6,FALSE) -> 041-950-0680 | R35: =VLOOKUP(J35,'사업장현황(25하)'!$A$2:$T$1836,7,FALSE) -> 041-950-0682 | S35: =VLOOKUP(J35,'사업장현황(25하)'!$A$2:$T$1836,8,FALSE) -> 이예솔 | T35: =VLOOKUP(J35,'사업장현황(25하)'!$A$2:$T$1836,9,FALSE) -> 보건관리자 | U35: =VLOOKUP(J35,'사업장현황(25하)'!$A$2:$T$1836,10,FALSE) -> 010-3386-6325 | V35: =VLOOKUP(J35,'사업장현황(25하)'!$A$2:$T$1836,12,FALSE) -> leeyesol95@mabik.re.kr | W35: 45952 | X35: 한기문 | Y35: =VLOOKUP(J35,'사업장현황(25하)'!$A$2:$T$1836,11,FALSE) -> 0 | AD35: =SUM(AA35:AC35) -> 0 | AI35: =SUM(AF35,AH35) -> 0
